,Year,Resource,Country,Recycling Rate,Recycling Scenario,GeoPolRisk,HHI,Weighted Trade AVerage
0,2002,Manganese,Australia,0,0,0.0009300219226393961,0.119,0.00781531027428064
1,2003,Manganese,Australia,0,0,0.0009166637002006221,0.113,0.008112068143368336
2,2004,Manganese,Australia,0,0,0.0011803941926919548,0.116,0.010175812005965127
3,2005,Manganese,Australia,0,0,0.0010863521863994055,0.129,0.008421334778289965
4,2006,Manganese,Australia,0,0,0.00044118497031038153,0.136,0.003244007134635158
5,2007,Manganese,Australia,0,0,0.0006606477885790366,0.153,0.004317959402477364
6,2008,Manganese,Australia,0,0,0.0008276661863239877,0.152,0.005445172278447288
7,2009,Manganese,Australia,0,0,1.7647359378675218e-05,0.173,0.00010200785768020358
8,2010,Manganese,Australia,0,0,0.0006965786309319612,0.15,0.004643857539546408
9,2011,Manganese,Australia,0,0,0.0004964143053562465,0.16,0.0031025894084765406
10,2012,Manganese,Australia,0,0,0.0007001945754654881,0.165,0.004243603487669625
11,2013,Manganese,Australia,0,0,0.0,0.159,0.0
12,2014,Manganese,Australia,0,0,0.0014106255620992016,0.174,0.00810704346034024
13,2015,Manganese,Australia,0,0,0.0016586201690075265,0.195,0.008505744456448854
14,2016,Manganese,Australia,0,0,5.600782420931083e-05,0.184,0.0003043903489636458
15,2017,Manganese,Australia,0,0,0.0013670920873806473,0.153,0.008935242401180701
16,2002,Iron,Australia,0,0,0.0,0.129,0.0
17,2003,Iron,Australia,0,0,0.0016859730350415319,0.131,0.012870023168255968
18,2004,Iron,Australia,0,0,0.0014859141061499884,0.137,0.010846088366058309
19,2005,Iron,Australia,0,0,0.0,0.151,0.0
20,2006,Iron,Australia,0,0,0.0015660644214660288,0.172,0.009105025706197842
21,2007,Iron,Australia,0,0,0.0011792908440086272,0.186,0.006340273354885093
22,2008,Iron,Australia,0,0,0.000996515791374279,0.198,0.005032908037243833
23,2009,Iron,Australia,0,0,0.0009535163558260311,0.212,0.004497718659556751
24,2010,Iron,Australia,0,0,0.0014320576577446654,0.224,0.00639311454350297
25,2011,Iron,Australia,0,0,0.0014037744246749378,0.249,0.00563764829186722
26,2012,Iron,Australia,0,0,0.0006024241325173149,0.249,0.0024193740261739555
27,2013,Iron,Australia,0,0,0.0005144339064779459,0.26,0.0019785919479920993
28,2014,Iron,Australia,0,0,0.0005481115585472671,0.263,0.002084074367099875
29,2015,Iron,Australia,0,0,0.00015728248251323522,0.254,0.0006192223720993512
30,2016,Iron,Australia,0,0,8.887061813715413e-05,0.24,0.0003702942422381422
31,2017,Iron,Australia,0,0,4.109970099686964e-05,0.228,0.00018026184647749842
32,2002,Copper,Australia,0,0,0.0,0.148,0.0
33,2003,Copper,Australia,0,0,0.0,0.16,0.0
34,2004,Copper,Australia,0,0,7.007025188049012e-07,0.168,4.170848326219649e-06
35,2005,Copper,Australia,0,0,0.0,0.156,0.0
36,2006,Copper,Australia,0,0,5.382987783132612e-08,0.156,3.450633194315777e-07
37,2007,Copper,Australia,0,0,1.2747804590832835e-06,0.157,8.119620758492252e-06
38,2008,Copper,Australia,0,0,2.1411932830138791e-07,0.148,1.4467522182526212e-06
39,2009,Copper,Australia,0,0,0.0,0.147,0.0
40,2010,Copper,Australia,0,0,8.48182557359954e-06,0.143,5.9313465549647145e-05
41,2011,Copper,Australia,0,0,0.0,0.139,0.0
42,2012,Copper,Australia,0,0,0.00017518195243449412,0.137,0.0012787003827335337
43,2013,Copper,Australia,0,0,9.789319736026431e-11,0.132,7.416151315171539e-10
44,2014,Copper,Australia,0,0,1.2132044742172451e-06,0.13,9.332342109363424e-06
45,2015,Copper,Australia,0,0,0.0016217359993587293,0.123,0.0131848455232417
46,2016,Copper,Australia,0,0,0.0022443004106262494,0.111,0.0202189226182545
47,2017,Copper,Australia,0,0,0.0014392200133121753,0.113,0.01273646029479801
48,2002,Barytes,Australia,0,0,0.013494755305671596,0.242,0.055763451676328915
49,2003,Barytes,Australia,0,0,0.060241913262803926,0.283,0.21286895145867113
50,2004,Barytes,Australia,0,0,0.025115794982055423,0.266,0.0944202818874264
51,2005,Barytes,Australia,0,0,0.051777130539423157,0.298,0.17374876019940658
52,2006,Barytes,Australia,0,0,0.051305124435750034,0.302,0.1698845179991723
53,2007,Barytes,Australia,0,0,0.07518884398767928,0.326,0.23064062572907754
54,2008,Barytes,Australia,0,0,0.05669399213109667,0.311,0.18229579463375134
55,2009,Barytes,Australia,0,0,0.04868709373919656,0.236,0.20630124465761254
56,2010,Barytes,Australia,0,0,0.06269932529305408,0.263,0.23840047639944517
57,2011,Barytes,Australia,0,0,0.08978293108429558,0.266,0.33752981610637434
58,2012,Barytes,Australia,0,0,0.10018368571538021,0.247,0.4056019664590292
59,2013,Barytes,Australia,0,0,0.07711961030425069,0.2,0.38559805152125337
60,2014,Barytes,Australia,0,0,0.08914341028339315,0.24,0.3714308761808048
61,2015,Barytes,Australia,0,0,0.0847358786983957,0.216,0.39229573471479495
62,2016,Barytes,Australia,0,0,0.06744238135288873,0.214,0.3151513147331249
63,2002,Bismuth,Australia,0,0,0.021435297515902698,0.087,0.24638273006784714
64,2003,Bismuth,Australia,0,0,0.043421783295995525,0.091,0.47716245380214867
65,2004,Bismuth,Australia,0,0,0.045718935493668636,0.12,0.3809911291139053
66,2005,Bismuth,Australia,0,0,0.060406953452614896,0.124,0.48715285042431367
67,2006,Bismuth,Australia,0,0,0.025878387512356237,0.109,0.23741639919592877
68,2007,Bismuth,Australia,0,0,0.036384272173941634,0.108,0.3368914090179781
69,2008,Bismuth,Australia,0,0,0.040392253418593,0.115,0.35123698624863475
70,2009,Bismuth,Australia,0,0,0.05072281068160754,0.126,0.4025619895365678
71,2010,Bismuth,Australia,0,0,0.06084364531367971,0.134,0.4540570545796993
72,2011,Bismuth,Australia,0,0,0.05695107408720931,0.132,0.43144753096370686
73,2012,Bismuth,Australia,0,0,0.10150807402071554,0.201,0.5050152936354007
74,2013,Bismuth,Australia,0,0,0.06349366460640057,0.124,0.5120456823096821
75,2014,Bismuth,Australia,0,0,0.0609074375993137,0.118,0.5161647254179127
76,2015,Bismuth,Australia,0,0,0.06371118606182079,0.127,0.5016628823765417
77,2016,Bismuth,Australia,0,0,0.06606352353452147,0.133,0.4967182220640711
78,2002,Gold,Australia,0,0,2.675775266295328e-05,0.076,0.0003520756929335958
79,2003,Gold,Australia,0,0,3.859431014245532e-05,0.072,0.0005360320853118795
80,2004,Gold,Australia,0,0,2.4585859598763788e-05,0.07,0.0003512265656966255
81,2005,Gold,Australia,0,0,1.867524252989872e-05,0.067,0.0002787349631328167
82,2006,Gold,Australia,0,0,2.2682990589682656e-05,0.067,0.00033855209835347244
83,2007,Gold,Australia,0,0,1.9427696820775207e-05,0.066,0.0002943590427390183
84,2008,Gold,Australia,0,0,2.8928760800085096e-05,0.064,0.00045201188750132964
85,2009,Gold,Australia,0,0,2.609181623977318e-05,0.061,0.00042773469245529805
86,2010,Gold,Australia,0,0,2.05893358410395e-05,0.059,0.00034897179391592373
87,2011,Gold,Australia,0,0,1.344660930085567e-05,0.058,0.00023183809139406327
88,2012,Gold,Australia,0,0,0.0,0.059,0.0
89,2013,Gold,Australia,0,0,0.0,0.057,0.0
90,2014,Gold,Australia,0,0,7.771167562273768e-06,0.057,0.00013633627302234679
91,2015,Gold,Australia,0,0,0.0,0.056,0.0
92,2016,Gold,Australia,0,0,1.0312102034942221e-05,0.056,0.0001841446791953968
93,2002,Molybdenum,Australia,0,0,0.08967203087195254,0.188,0.4769788876167688
94,2003,Molybdenum,Australia,0,0,0.06926973390350069,0.19,0.36457754686052996
95,2004,Molybdenum,Australia,0,0,0.06445488469477838,0.2,0.3222744234738919
96,2005,Molybdenum,Australia,0,0,0.035403244343999996,0.216,0.163903909
97,2006,Molybdenum,Australia,0,0,0.0245592773336,0.212,0.11584564779999999
98,2007,Molybdenum,Australia,0,0,0.04677012940375242,0.221,0.21162954481335935
99,2008,Molybdenum,Australia,0,0,0.05054538818816667,0.231,0.21881120427777778
100,2009,Molybdenum,Australia,0,0,0.021444621566638344,0.243,0.08824947146764751
101,2010,Molybdenum,Australia,0,0,0.0,0.242,0
102,2011,Molybdenum,Australia,0,0,0.0,0.242,0
103,2012,Molybdenum,Australia,0,0,0.0,0.263,0
104,2013,Molybdenum,Australia,0,0,0.0,0.261,0
105,2014,Molybdenum,Australia,0,0,0.07466816058,0.26,0.287185233
106,2015,Molybdenum,Australia,0,0,0.0,0.283,0
107,2016,Molybdenum,Australia,0,0,0.08996118869900001,0.281,0.320146579
108,2002,Nickel,Australia,0,0,1.6368172664814185e-05,0.116,0.00014110493676563953
109,2003,Nickel,Australia,0,0,1.063936011183629e-05,0.115,9.251617488553296e-05
110,2004,Nickel,Australia,0,0,5.403624909974911e-05,0.117,0.00046184828290383854
111,2005,Nickel,Australia,0,0,1.0315378101455029e-05,0.105,9.824169620433361e-05
112,2006,Nickel,Australia,0,0,5.386565644503831e-07,0.101,5.333233311389931e-06
113,2007,Nickel,Australia,0,0,8.665440630829897e-07,0.111,7.806703271017925e-06
114,2008,Nickel,Australia,0,0,5.609396042500053e-06,0.11,5.0994509477273215e-05
115,2009,Nickel,Australia,0,0,4.2872187700742797e-07,0.108,3.969647009328037e-06
116,2010,Nickel,Australia,0,0,0.0,0.112,0.0
117,2011,Nickel,Australia,0,0,1.8425822067512714e-06,0.135,1.3648757087046453e-05
118,2012,Nickel,Australia,0,0,1.0644961468082763e-09,0.188,5.662213546852533e-09
119,2013,Nickel,Australia,0,0,0.0,0.226,0.0
120,2014,Nickel,Australia,0,0,1.416061636266507e-07,0.102,1.388295721829909e-06
121,2015,Nickel,Australia,0,0,0.0021593482028505486,0.1,0.021593482028505483
122,2016,Nickel,Australia,0,0,0.003839207199001046,0.087,0.04412881837932237
123,2017,Nickel,Australia,0,0,0.0009504168938330112,0.093,0.010219536492828078
124,2002,Zinc,Australia,0,0,0.0,0.104,0.0
125,2003,Zinc,Australia,0,0,0.006366549303530902,0.111,0.05735630003180993
126,2004,Zinc,Australia,0,0,0.003541721149894304,0.117,0.03027112093926755
127,2005,Zinc,Australia,0,0,0.0039913591328333406,0.116,0.034408268386494315
128,2006,Zinc,Australia,0,0,0.0027714514613929888,0.121,0.02290455753217346
129,2007,Zinc,Australia,0,0,0.0038444986465580072,0.126,0.030511894020301644
130,2008,Zinc,Australia,0,0,0.0,0.129,0.0
131,2009,Zinc,Australia,0,0,0.0,0.129,0.0
132,2010,Zinc,Australia,0,0,0.005385963587761082,0.139,0.03874793948029555
133,2011,Zinc,Australia,0,0,0.003803185842980459,0.146,0.026049218102605885
134,2012,Zinc,Australia,0,0,0.0065859616901061,0.168,0.039202152917298214
135,2013,Zinc,Australia,0,0,0.010437173058775529,0.181,0.05766393955124602
136,2014,Zinc,Australia,0,0,0.010111218390493035,0.176,0.057450104491437705
137,2015,Zinc,Australia,0,0,0.007317382693288735,0.166,0.044080618634269486
138,2016,Zinc,Australia,0,0,0.02409981474948231,0.174,0.13850468246828915
139,2017,Zinc,Australia,0,0,0.022272898447153806,0.158,0.14096771169084688
140,2002,Cadmium,Australia,0,0,3.187539147120396e-07,0.065,4.9039063801852245e-06
141,2003,Cadmium,Australia,0,0,2.3059294243876344e-07,0.106,2.175405117346825e-06
142,2004,Cadmium,Australia,0,0,1.2933212660690046e-06,0.09,1.4370236289655608e-05
143,2005,Cadmium,Australia,0,0,5.246492140734192e-05,0.087,0.0006030450736476084
144,2006,Cadmium,Australia,0,0,6.980306253306909e-05,0.092,0.000758728940576838
145,2007,Cadmium,Australia,0,0,0.00015140764341588,0.091,0.0016638202573173628
146,2008,Cadmium,Australia,0,0,0.00015960748463399006,0.126,0.0012667260685237307
147,2009,Cadmium,Australia,0,0,5.3830931190749094e-05,0.131,0.0004109231388606801
148,2010,Cadmium,Australia,0,0,0.00028794530694869607,0.132,0.0021814038405204247
149,2011,Cadmium,Australia,0,0,0.005365546319952578,0.121,0.04434335801613701
150,2012,Cadmium,Australia,0,0,0.0012831179319478636,0.134,0.009575506954834802
151,2013,Cadmium,Australia,0,0,4.353619025667177e-05,0.136,0.00032011904600493944
152,2014,Cadmium,Australia,0,0,1.3470966829809057e-07,0.146,9.226689609458259e-07
153,2015,Cadmium,Australia,0,0,0.00023477619701337205,0.15,0.0015651746467558137
154,2016,Cadmium,Australia,0,0,7.710923844508378e-06,0.132,5.841608973112407e-05
155,2017,Cadmium,Australia,0,0,0.045681785100000004,0.14,0.326298465
156,2002,Rare earth,Australia,0,0,0.3025608109953436,0.855,0.3538722935618054
157,2003,Rare earth,Australia,0,0,0.3383963226442367,0.864,0.39166241046786654
158,2004,Rare earth,Australia,0,0,0.28242311941246373,0.89,0.31732934765445364
159,2005,Rare earth,Australia,0,0,0.2743322400156292,0.907,0.30246112460378083
160,2006,Rare earth,Australia,0,0,0.4127316938525914,0.92,0.4486214063615124
161,2007,Rare earth,Australia,0,0,0.321234050874125,0.911,0.3526169603448134
162,2008,Rare earth,Australia,0,0,0.25461574172339546,0.918,0.2773591957771192
163,2009,Rare earth,Australia,0,0,0.0,0.84,0
164,2010,Rare earth,Australia,0,0,0.2720882579997457,0.812,0.3350840615760415
165,2011,Rare earth,Australia,0,0,0.03410842119059382,0.789,0.043229938137634746
166,2012,Rare earth,Australia,0,0,0.011191965926335907,0.757,0.014784631342583761
167,2013,Rare earth,Australia,0,0,0.016439809631006982,0.741,0.022185977909591068
168,2014,Rare earth,Australia,0,0,0.0036241047539348923,0.692,0.00523714559817181
169,2015,Rare earth,Australia,0,0,0.003554585850795804,0.647,0.005493950310349001
170,2016,Rare earth,Australia,0,0,0.0020886006329923993,0.66,0.0031645464136248473
171,2017,Rare earth,Australia,0,0,0.0014790717452085435,0.637,0.002321933665947478
172,2002,Silver,Australia,0,0,0.0,0.092,0.0
173,2003,Silver,Australia,0,0,0.0,0.092,0.0
174,2004,Silver,Australia,0,0,0.0,0.093,0.0
175,2005,Silver,Australia,0,0,4.731863629399251e-09,0.093,5.0880254079561836e-08
176,2006,Silver,Australia,0,0,0.0,0.097,0.0
177,2007,Silver,Australia,0,0,0.0,0.097,0.0
178,2008,Silver,Australia,0,0,0.0,0.097,0.0
179,2009,Silver,Australia,0,0,0.0,0.098,0.0
180,2010,Silver,Australia,0,0,0.0,0.1,0.0
181,2011,Silver,Australia,0,0,7.783491150630148e-08,0.104,7.484126106375143e-07
182,2012,Silver,Australia,0,0,5.046909834289617e-11,0.107,4.716738162887493e-10
183,2013,Silver,Australia,0,0,1.0845910109147714e-09,0.11,9.859918281043377e-09
184,2014,Silver,Australia,0,0,0.0,0.102,0.0
185,2015,Silver,Australia,0,0,1.1116262261082953e-10,0.103,1.0792487632119372e-09
186,2016,Silver,Australia,0,0,0.0,0.101,0.0
187,2017,Silver,Australia,0,0,0.0,0.109,0.0
188,2002,Magnesium,Australia,0,0,0.12602402906527388,0.357,0.35300848477667757
189,2003,Magnesium,Australia,0,0,0.12457283191623393,0.529,0.2354873949267182
190,2004,Magnesium,Australia,0,0,0.1972732486444076,0.559,0.352903843728815
191,2005,Magnesium,Australia,0,0,0.15077103308487647,0.573,0.2631257121900113
192,2006,Magnesium,Australia,0,0,0.1529186773947313,0.599,0.2552899455671641
193,2007,Magnesium,Australia,0,0,0.21137622908829848,0.712,0.29687672624761025
194,2008,Magnesium,Australia,0,0,0.25076504697772956,0.714,0.351211550388977
195,2009,Magnesium,Australia,0,0,0.16061371025009075,0.709,0.22653555747544535
196,2010,Magnesium,Australia,0,0,0.26200233830580283,0.738,0.35501671857154854
197,2011,Magnesium,Australia,0,0,0.30240377607720587,0.742,0.40755225886415886
198,2012,Magnesium,Australia,0,0,0.36039380345991123,0.766,0.47048799407299113
199,2013,Magnesium,Australia,0,0,0.37274593709058473,0.774,0.4815838980498511
200,2014,Magnesium,Australia,0,0,0.3624893448046077,0.79,0.4588472719045667
201,2015,Magnesium,Australia,0,0,0.38566377757953735,0.789,0.48880073203997126
202,2016,Magnesium,Australia,0,0,0.29853503046802293,0.79,0.37789244363040875
203,2017,Magnesium,Australia,0,0,0.30910094839747093,0.848,0.36450583537437614
204,2002,Zirconium,Australia,0,0,2.3523033796523616e-05,0.31,7.588075418233424e-05
205,2003,Zirconium,Australia,0,0,9.022838782990792e-05,0.294,0.00030689927833302017
206,2004,Zirconium,Australia,0,0,4.020465026180406e-05,0.269,0.00014945966640075858
207,2005,Zirconium,Australia,0,0,2.133655224805001e-05,0.264,8.082027366685609e-05
208,2006,Zirconium,Australia,0,0,6.266000247045598e-05,0.275,0.00022785455443802174
209,2007,Zirconium,Australia,0,0,4.471484862150658e-05,0.272,0.00016439282581436242
210,2008,Zirconium,Australia,0,0,8.504830353646563e-05,0.27,0.00031499371680172454
211,2009,Zirconium,Australia,0,0,5.6305633681307463e-05,0.25,0.00022522253472522985
212,2010,Zirconium,Australia,0,0,0.0,0.271,0.0
213,2011,Zirconium,Australia,0,0,0.00013561217828703709,0.28,0.00048432920816798955
214,2012,Zirconium,Australia,0,0,0.00013859786292178152,0.295,0.00046982326414163225
215,2013,Zirconium,Australia,0,0,3.076204727246557e-05,0.279,0.00011025823395148949
216,2014,Zirconium,Australia,0,0,0.0,0.288,0.0
217,2015,Zirconium,Australia,0,0,5.505764475671423e-05,0.303,0.00018170839853701067
218,2016,Zirconium,Australia,0,0,0.00010361169885125136,0.286,0.0003622786673120677
219,2002,Antimony,Australia,0,0,0.00032960847095566374,0.71,0.0004642372830361461
220,2003,Antimony,Australia,0,0,0.0,0.691,0.0
221,2004,Antimony,Australia,0,0,3.691749959164664e-05,0.725,5.0920689091926404e-05
222,2005,Antimony,Australia,0,0,6.877903265712158e-07,0.742,9.269411409315576e-07
223,2006,Antimony,Australia,0,0,0.0,0.768,0.0
224,2007,Antimony,Australia,0,0,0.0,0.787,0.0
225,2008,Antimony,Australia,0,0,0.0,0.698,0.0
226,2009,Antimony,Australia,0,0,0.0011741186786642089,0.732,0.0016039872659347116
227,2010,Antimony,Australia,0,0,7.793119504698919e-05,0.623,0.00012509020071747865
228,2011,Antimony,Australia,0,0,6.825844414592681e-06,0.602,1.1338611984373224e-05
229,2012,Antimony,Australia,0,0,0.0003579235176508345,0.586,0.0006107909857522773
230,2013,Antimony,Australia,0,0,7.598801038958409e-07,0.613,1.2396086523586312e-06
231,2014,Antimony,Australia,0,0,0.0005807301303753225,0.595,0.0009760170258408782
232,2015,Antimony,Australia,0,0,0.0,0.587,0.0
233,2016,Antimony,Australia,0,0,0.0,0.557,0.0
234,2002,Asbestos,Australia,0,0,0.045254027446270065,0.293,0.15445060561866916
235,2003,Asbestos,Australia,0,0,0.0,0.294,0
236,2004,Asbestos,Australia,0,0,0.0,0.297,0
237,2005,Asbestos,Australia,0,0,0.0,0.321,0
238,2006,Asbestos,Australia,0,0,0.0,0.337,0
239,2007,Asbestos,Australia,0,0,0.0,0.351,0
240,2008,Asbestos,Australia,0,0,0.0,0.354,0
241,2009,Asbestos,Australia,0,0,0.0,0.346,0
242,2010,Asbestos,Australia,0,0,0.0,0.352,0
243,2011,Asbestos,Australia,0,0,0.0,0.352,0
244,2012,Asbestos,Australia,0,0,0.0,0.343,0
245,2013,Asbestos,Australia,0,0,0.0,0.328,0
246,2014,Asbestos,Australia,0,0,0.0,0.315,0
247,2015,Asbestos,Australia,0,0,0.0,0.3,0
248,2016,Asbestos,Australia,0,0,0.0,0.304,0
249,2002,Chromium,Australia,0,0,0.024620487811354317,0.272,0.09051649930644969
250,2003,Chromium,Australia,0,0,0.009199384543857714,0.283,0.032506659165574964
251,2004,Chromium,Australia,0,0,0.004827792252294456,0.247,0.01954571762062533
252,2005,Chromium,Australia,0,0,0.0039061287612031275,0.228,0.0171321436894874
253,2006,Chromium,Australia,0,0,0.003474063440586616,0.214,0.01623394131115241
254,2007,Chromium,Australia,0,0,0.0027749439949793036,0.228,0.01217080699552326
255,2008,Chromium,Australia,0,0,0.006974071399410813,0.221,0.03155688416022992
256,2009,Chromium,Australia,0,0,0.0034590119579194284,0.212,0.01631609414112938
257,2010,Chromium,Australia,0,0,0.005393144778244098,0.221,0.024403370037303612
258,2011,Chromium,Australia,0,0,0.0034121760853935987,0.231,0.014771325044993932
259,2012,Chromium,Australia,0,0,0.0026267411989764084,0.24,0.010944754995735035
260,2013,Chromium,Australia,0,0,0.0028845924349867767,0.254,0.0113566631298692
261,2014,Chromium,Australia,0,0,0.11211639120781502,0.253,0.44314779133523724
262,2015,Chromium,Australia,0,0,0.11999825054723019,0.272,0.44117003877658156
263,2016,Chromium,Australia,0,0,0.10365894920873785,0.254,0.40810609924699937
264,2002,Graphite,Australia,0,0,0.3392001894402455,0.672,0.504762186667032
265,2003,Graphite,Australia,0,0,0.3749552068824181,0.719,0.5214954198642812
266,2004,Graphite,Australia,0,0,0.30544495616370654,0.685,0.4459050454944621
267,2005,Graphite,Australia,0,0,0.34416577108261104,0.708,0.48610984616188
268,2006,Graphite,Australia,0,0,0.32913242925367536,0.697,0.47221295445290584
269,2007,Graphite,Australia,0,0,0.2173919929616458,0.528,0.4117272593970564
270,2008,Graphite,Australia,0,0,0.246336775232155,0.588,0.4189400939322364
271,2009,Graphite,Australia,0,0,0.2607900970362306,0.662,0.3939427447677199
272,2010,Graphite,Australia,0,0,0.33166978770717914,0.719,0.4612931678820294
273,2011,Graphite,Australia,0,0,0.2846600972089815,0.6,0.4744334953483025
274,2012,Graphite,Australia,0,0,0.22874590104710768,0.485,0.47164103308682
275,2013,Graphite,Australia,0,0,0.24410083520959697,0.487,0.5012337478636488
276,2014,Graphite,Australia,0,0,0.2495451898470691,0.507,0.49219958549717774
277,2015,Graphite,Australia,0,0,0.228672124023369,0.488,0.4685904180806742
278,2016,Graphite,Australia,0,0,0.19721054468949747,0.402,0.49057349425248126
279,2017,Graphite,Australia,0,0,0.17247752155587404,0.424,0.40678660744309914
280,2002,Natural gas,Australia,0,0,0.0,0.106,0.0
281,2003,Natural gas,Australia,0,0,1.0563954775552678e-07,0.102,1.0356818407404587e-06
282,2004,Natural gas,Australia,0,0,1.3465514304373943e-07,0.1,1.3465514304373942e-06
283,2005,Natural gas,Australia,0,0,5.91364632361068e-07,0.094,6.291113110224128e-06
284,2006,Natural gas,Australia,0,0,0.0,0.091,0.0
285,2007,Natural gas,Australia,0,0,0.0,0.09,0.0
286,2008,Natural gas,Australia,0,0,0.0,0.09,0.0
287,2009,Natural gas,Australia,0,0,0.0,0.085,0.0
288,2010,Natural gas,Australia,0,0,0.0,0.084,0.0
289,2011,Natural gas,Australia,0,0,0.0,0.088,0.0
290,2012,Natural gas,Australia,0,0,0.0,0.087,0.0
291,2013,Natural gas,Australia,0,0,4.682711298316609e-06,0.087,5.382426779674264e-05
292,2014,Natural gas,Australia,0,0,2.3004701822215306e-07,0.087,2.644218600254633e-06
293,2015,Natural gas,Australia,0,0,0.021387935513076047,0.087,0.24583833923075918
294,2016,Natural gas,Australia,0,0,5.887837804971017e-07,0.085,6.926868005848255e-06
295,2017,Natural gas,Australia,0,0,1.018392432419851e-05,0.086,0.00011841772469998267
296,2002,Petroleum,Australia,0,0,0.009234634473204523,0.055,0.16790244496735496
297,2003,Petroleum,Australia,0,0,0.0,0.058,0.0
298,2004,Petroleum,Australia,0,0,0.01008647952061031,0.058,0.1739048193208674
299,2005,Petroleum,Australia,0,0,0.009731001320360418,0.059,0.16493222576882066
300,2006,Petroleum,Australia,0,0,0.0,0.058,0.0
301,2007,Petroleum,Australia,0,0,0.007932498220217254,0.057,0.13916663544240795
302,2008,Petroleum,Australia,0,0,0.008091391108196665,0.06,0.13485651846994443
303,2009,Petroleum,Australia,0,0,0.008092667323896784,0.057,0.14197661971748743
304,2010,Petroleum,Australia,0,0,0.009406211966594741,0.057,0.16502126257183755
305,2011,Petroleum,Australia,0,0,0.012326473787619472,0.059,0.20892328453592326
306,2012,Petroleum,Australia,0,0,0.01457608074374113,0.061,0.23895214334001852
307,2013,Petroleum,Australia,0,0,0.014845332309000222,0.063,0.2356401953809559
308,2014,Petroleum,Australia,0,0,0.014089748693343222,0.066,0.21348104080823063
309,2015,Petroleum,Australia,0,0,0.010907275490496792,0.067,0.16279515657457896
310,2016,Petroleum,Australia,0,0,0.013051396285809366,0.068,0.19193229832072595
311,2017,Petroleum,Australia,0,0,0.016052376257777237,0.069,0.23264313417068458
312,2002,Coal,Australia,0,0,4.635769192663402e-06,0.149,3.111254491720404e-05
313,2003,Coal,Australia,0,0,1.0252669388557707e-05,0.147,6.974605026229733e-05
314,2004,Coal,Australia,0,0,5.257807168240251e-06,0.148,3.552572410973143e-05
315,2005,Coal,Australia,0,0,1.4427266478227206e-05,0.15,9.618177652151471e-05
316,2006,Coal,Australia,0,0,9.30432274761051e-06,0.148,6.286704559196291e-05
317,2007,Coal,Australia,0,0,9.911473619572889e-06,0.151,6.563889814286681e-05
318,2008,Coal,Australia,0,0,8.563484783841879e-06,0.156,5.489413322975563e-05
319,2009,Coal,Australia,0,0,6.284746634417611e-06,0.17,3.6969097849515353e-05
320,2010,Coal,Australia,0,0,1.4270854810369553e-05,0.185,7.713975573172731e-05
321,2011,Coal,Australia,0,0,3.0296618853831034e-05,0.195,0.00015536727617349247
322,2012,Coal,Australia,0,0,0.0,0.202,0.0
323,2013,Coal,Australia,0,0,5.904957783046783e-06,0.21,2.8118846585937066e-05
324,2014,Coal,Australia,0,0,1.9186335267626282e-05,0.214,8.965577227862749e-05
325,2015,Coal,Australia,0,0,2.0309068022634097e-05,0.23,8.830029575058302e-05
326,2016,Coal,Australia,0,0,8.52737234918217e-06,0.243,3.509206728058506e-05
327,2017,Coal,Australia,0,0,7.643547393008564e-05,0.253,0.0003021164977473741
328,2002,Tin,Australia,0,0,6.830849816954149e-08,0.232,2.94433181765265e-07
329,2003,Tin,Australia,0,0,0.0,0.251,0.0
330,2004,Tin,Australia,0,0,0.0,0.261,0.0
331,2005,Tin,Australia,0,0,0.0,0.259,0.0
332,2006,Tin,Australia,0,0,1.5601487168932183e-08,0.275,5.673268061429884e-08
333,2007,Tin,Australia,0,0,0.0,0.285,0.0
334,2008,Tin,Australia,0,0,0.0,0.261,0.0
335,2009,Tin,Australia,0,0,3.325715671992033e-08,0.256,1.2991076843718879e-07
336,2010,Tin,Australia,0,0,4.319649917765468e-08,0.25,1.7278599671061872e-07
337,2011,Tin,Australia,0,0,0.0,0.253,0.0
338,2012,Tin,Australia,0,0,0.0,0.255,0.0
339,2013,Tin,Australia,0,0,0.0,0.267,0.0
340,2014,Tin,Australia,0,0,0.0,0.258,0.0
341,2015,Tin,Australia,0,0,1.339352077067725e-05,0.233,5.74829217625633e-05
342,2016,Tin,Australia,0,0,9.948336933165152e-05,0.192,0.0005181425486023517
343,2017,Tin,Australia,0,0,0.0,0.19,0.0
344,2002,Titanium,Australia,0,0,0.0013403756441310996,0.158,0.008483390152728478
345,2003,Titanium,Australia,0,0,0.0021898837471660813,0.148,0.014796511805176226
346,2004,Titanium,Australia,0,0,0.0007741110864072033,0.145,0.005338697147635885
347,2005,Titanium,Australia,0,0,0.0009055263763688493,0.144,0.006288377613672565
348,2006,Titanium,Australia,0,0,0.0009487032750388447,0.147,0.006453763775774455
349,2007,Titanium,Australia,0,0,7.157954306455655e-05,0.143,0.0005005562452066892
350,2008,Titanium,Australia,0,0,1.6365592111151915e-05,0.14,0.00011689708650822795
351,2009,Titanium,Australia,0,0,0.00030383088383927287,0.122,0.0024904170806497776
352,2010,Titanium,Australia,0,0,0.0006333099838255066,0.13,0.004871615260196204
353,2011,Titanium,Australia,0,0,0.002108577923645168,0.12,0.01757148269704307
354,2012,Titanium,Australia,0,0,0.0009084399219169538,0.122,0.007446228868171753
355,2013,Titanium,Australia,0,0,0.0014829360617922597,0.122,0.01215521362124803
356,2014,Titanium,Australia,0,0,1.6458794047071633e-05,0.116,0.00014188615557820372
357,2015,Titanium,Australia,0,0,0.0009176296511394859,0.109,0.008418620652655834
358,2016,Titanium,Australia,0,0,2.536163398212391e-05,0.111,0.00022848318902814332
359,2017,Titanium,Australia,0,0,0.0023676243567489724,0.106,0.022336078837254456
360,2002,Tungsten,Australia,0,0,0.0,0.583,0
361,2003,Tungsten,Australia,0,0,0.08061180830974624,0.536,0.15039516475698925
362,2004,Tungsten,Australia,0,0,0.15619813416294762,0.759,0.20579464316593887
363,2005,Tungsten,Australia,0,0,0.0006315422605610467,0.672,0.0009397950305967957
364,2006,Tungsten,Australia,0,0,0.018158672129777474,0.53,0.03426164552788202
365,2007,Tungsten,Australia,0,0,0.0,0.477,0.0
366,2008,Tungsten,Australia,0,0,0.0004612860403465079,0.54,0.0008542334080490887
367,2009,Tungsten,Australia,0,0,0.0017582515772366148,0.58,0.0030314682366148534
368,2010,Tungsten,Australia,0,0,0.00028017112289654094,0.623,0.00044971287784356494
369,2011,Tungsten,Australia,0,0,0.0035226084742073778,0.682,0.005165115064820202
370,2012,Tungsten,Australia,0,0,0.002985025635255668,0.669,0.004461921726839563
371,2013,Tungsten,Australia,0,0,0.0014477164678016337,0.686,0.0021103738597691452
372,2014,Tungsten,Australia,0,0,0.002763870058529327,0.626,0.004415127889024484
373,2015,Tungsten,Australia,0,0,0.15754799030449593,0.645,0.2442604500844898
374,2016,Tungsten,Australia,0,0,0.11783962568207702,0.639,0.1844125597528592
375,2002,Uranium,Australia,0,0,0.0,0.149,0.0
376,2003,Uranium,Australia,0,0,0.0,0.144,0.0
377,2004,Uranium,Australia,0,0,1.7877106159997264e-08,0.149,1.199805782550152e-07
378,2005,Uranium,Australia,0,0,7.560064747589068e-08,0.147,5.142901188836101e-07
379,2006,Uranium,Australia,0,0,1.6078362926954714e-07,0.13,1.2367971482272856e-06
380,2007,Uranium,Australia,0,0,2.151537434291579e-07,0.132,1.6299526017360445e-06
381,2008,Uranium,Australia,0,0,7.73134651202543e-08,0.131,5.901791230553763e-07
382,2009,Uranium,Australia,0,0,1.5657242502616761e-07,0.15,1.0438161668411175e-06
383,2010,Uranium,Australia,0,0,0.0,0.164,0.0
384,2011,Uranium,Australia,0,0,0.0,0.177,0.0
385,2012,Uranium,Australia,0,0,2.3565047539713654e-05,0.174,0.00013543130769950377
386,2013,Uranium,Australia,0,0,0.0,0.186,0.0
387,2014,Uranium,Australia,0,0,2.1143699228892608e-05,0.205,0.00010313999623850054
388,2015,Uranium,Australia,0,0,7.786583035089883e-07,0.209,3.72563781583248e-06
389,2016,Uranium,Australia,0,0,0.0,0.13,0.0
390,2002,Magnesium,Australia,0,0,0.12602402906527388,0.357,0.35300848477667757
391,2003,Magnesium,Australia,0,0,0.12457283191623393,0.529,0.2354873949267182
392,2004,Magnesium,Australia,0,0,0.1972732486444076,0.559,0.352903843728815
393,2005,Magnesium,Australia,0,0,0.15077103308487647,0.573,0.2631257121900113
394,2006,Magnesium,Australia,0,0,0.1529186773947313,0.599,0.2552899455671641
395,2007,Magnesium,Australia,0,0,0.21137622908829848,0.712,0.29687672624761025
396,2008,Magnesium,Australia,0,0,0.25076504697772956,0.714,0.351211550388977
397,2009,Magnesium,Australia,0,0,0.16061371025009075,0.709,0.22653555747544535
398,2010,Magnesium,Australia,0,0,0.26200233830580283,0.738,0.35501671857154854
399,2011,Magnesium,Australia,0,0,0.30240377607720587,0.742,0.40755225886415886
400,2012,Magnesium,Australia,0,0,0.36039380345991123,0.766,0.47048799407299113
401,2013,Magnesium,Australia,0,0,0.37274593709058473,0.774,0.4815838980498511
402,2014,Magnesium,Australia,0,0,0.3624893448046077,0.79,0.4588472719045667
403,2015,Magnesium,Australia,0,0,0.38566377757953735,0.789,0.48880073203997126
404,2016,Magnesium,Australia,0,0,0.29853503046802293,0.79,0.37789244363040875
405,2017,Magnesium,Australia,0,0,0.30910094839747093,0.848,0.36450583537437614
406,2002,Mercury,Australia,0,0,0.0185373785939838,0.064,0.28964654053099687
407,2003,Mercury,Australia,0,0,0.02356866867429388,0.066,0.35710104051960423
408,2004,Mercury,Australia,0,0,0.0340355534381875,0.102,0.3336818964528187
409,2005,Mercury,Australia,0,0,0.033184115522413314,0.1,0.3318411552241331
410,2006,Mercury,Australia,0,0,0.009956505036003644,0.062,0.16058879090328457
411,2007,Mercury,Australia,0,0,0.01847108711095313,0.067,0.27568786732765865
412,2008,Mercury,Australia,0,0,0.025315026857169062,0.125,0.2025202148573525
413,2009,Mercury,Australia,0,0,0.03368539423374909,0.144,0.23392634884547983
414,2010,Mercury,Australia,0,0,0.03847336240506266,0.153,0.25145988500040956
415,2011,Mercury,Australia,0,0,0.039810416401323594,0.139,0.2864058733908172
416,2012,Mercury,Australia,0,0,0.03345810617449276,0.122,0.2742467719220718
417,2013,Mercury,Australia,0,0,0.057103019267023214,0.177,0.32261592806227807
418,2014,Mercury,Australia,0,0,0.064042306959,0.223,0.287185233
419,2015,Mercury,Australia,0,0,0.06181791225934794,0.276,0.22397794296865195
420,2016,Mercury,Australia,0,0,0.04563720497086742,0.34,0.1342270734437277
421,2017,Mercury,Australia,0,0,0.05947793425139307,0.354,0.16801676342201433
422,2002,Manganese,Canada,0,0,0.05454519307852352,0.119,0.45836296704641616
423,2003,Manganese,Canada,0,0,0.046940589260589784,0.113,0.4154034447839804
424,2004,Manganese,Canada,0,0,0.04406511568380762,0.116,0.379871686929376
425,2005,Manganese,Canada,0,0,0.0,0.129,0
426,2006,Manganese,Canada,0,0,0.04317716522293137,0.136,0.31747915605096594
427,2007,Manganese,Canada,0,0,0.04076110172849994,0.153,0.26641242959803885
428,2008,Manganese,Canada,0,0,0.045396417453924996,0.152,0.2986606411442434
429,2009,Manganese,Canada,0,0,0.041050409750047034,0.173,0.23728560549160135
430,2010,Manganese,Canada,0,0,0.047099540173204064,0.15,0.3139969344880271
431,2011,Manganese,Canada,0,0,0.06383631351525618,0.16,0.39897695947035106
432,2012,Manganese,Canada,0,0,0.05545655603725694,0.165,0.336100339619739
433,2013,Manganese,Canada,0,0,0.05745950023913753,0.159,0.3613805046486637
434,2014,Manganese,Canada,0,0,0.05467689516968354,0.174,0.31423502971082495
435,2015,Manganese,Canada,0,0,0.07848686773379908,0.195,0.40249675760922604
436,2016,Manganese,Canada,0,0,0.0643084466594237,0.184,0.34950242749686794
437,2017,Manganese,Canada,0,0,0.0,0.153,0
438,2002,Iron,Canada,0,0,0.0,0.129,0.0
439,2003,Iron,Canada,0,0,0.0,0.131,0.0
440,2004,Iron,Canada,0,0,0.018520169343350663,0.137,0.13518371783467636
441,2005,Iron,Canada,0,0,0.014639139248531956,0.151,0.09694794204325799
442,2006,Iron,Canada,0,0,0.007258782199010049,0.172,0.04220222208726773
443,2007,Iron,Canada,0,0,0.007917884316420517,0.186,0.04256927051838987
444,2008,Iron,Canada,0,0,0.0,0.198,0.0
445,2009,Iron,Canada,0,0,0.004286880616504124,0.212,0.020221134983510018
446,2010,Iron,Canada,0,0,0.010200296633680826,0.224,0.04553703854321797
447,2011,Iron,Canada,0,0,0.01176460958124798,0.249,0.047247428037140486
448,2012,Iron,Canada,0,0,0.0,0.249,0.0
449,2013,Iron,Canada,0,0,0.008916385382848908,0.26,0.03429378993403426
450,2014,Iron,Canada,0,0,0.0,0.263,0.0
451,2015,Iron,Canada,0,0,0.0010845336936238274,0.254,0.004269817691432391
452,2016,Iron,Canada,0,0,0.0,0.24,0.0
453,2017,Iron,Canada,0,0,0.00037276322455174603,0.228,0.0016349264234725702
454,2002,Copper,Canada,0,0,0.012808342951967353,0.148,0.0865428577835632
455,2003,Copper,Canada,0,0,0.006293524292809563,0.16,0.039334526830059766
456,2004,Copper,Canada,0,0,0.006722586431050169,0.168,0.04001539542291767
457,2005,Copper,Canada,0,0,0.011127601526442661,0.156,0.07133077901565808
458,2006,Copper,Canada,0,0,0.008609082362076902,0.156,0.055186425397928854
459,2007,Copper,Canada,0,0,0.00536584152115401,0.157,0.034177334529643374
460,2008,Copper,Canada,0,0,0.0041971287471545046,0.148,0.02835897802131422
461,2009,Copper,Canada,0,0,0.0055273305648816905,0.147,0.037600888196474086
462,2010,Copper,Canada,0,0,0.004115039131716029,0.143,0.028776497424587613
463,2011,Copper,Canada,0,0,0.0010051436112558513,0.139,0.0072312490018406565
464,2012,Copper,Canada,0,0,0.0009538134937398752,0.137,0.006962142290072081
465,2013,Copper,Canada,0,0,0.0007607528120940157,0.132,0.005763278879500119
466,2014,Copper,Canada,0,0,0.0008961092787961525,0.13,0.0068931482984319415
467,2015,Copper,Canada,0,0,0.0019770545276187167,0.123,0.016073614045680622
468,2016,Copper,Canada,0,0,0.001601737146260719,0.111,0.0144300643807272
469,2017,Copper,Canada,0,0,0.001146386690225875,0.113,0.010145014957751107
470,2002,Barytes,Canada,0,0,0.000445782222824792,0.242,0.0018420753009288928
471,2003,Barytes,Canada,0,0,0.09675875206992512,0.283,0.3419037175615729
472,2004,Barytes,Canada,0,0,0.08331029565464663,0.266,0.31319660020543844
473,2005,Barytes,Canada,0,0,0.1038564353033868,0.298,0.3485115278637141
474,2006,Barytes,Canada,0,0,0.09457673850653829,0.302,0.3131680082997957
475,2007,Barytes,Canada,0,0,0.11053496558067279,0.326,0.3390643115971558
476,2002,Bismuth,Canada,0,0,0.008846903186676781,0.087,0.1016885423755952
477,2003,Bismuth,Canada,0,0,0.011996153697496816,0.091,0.13182586480765732
478,2004,Bismuth,Canada,0,0,0.014162361533183268,0.12,0.11801967944319391
479,2005,Bismuth,Canada,0,0,0.019293796367496584,0.124,0.1555951319959402
480,2006,Bismuth,Canada,0,0,0.009924060770857265,0.109,0.09104642909043363
481,2007,Bismuth,Canada,0,0,0.014261413006098648,0.108,0.13205012042683933
482,2008,Bismuth,Canada,0,0,0.01815489750351129,0.115,0.15786867394357643
483,2009,Bismuth,Canada,0,0,0.01756916305435898,0.126,0.13943780201872208
484,2010,Bismuth,Canada,0,0,0.023535500566607512,0.134,0.1756380639299068
485,2011,Bismuth,Canada,0,0,0.02102520733989986,0.132,0.15928187378712014
486,2012,Bismuth,Canada,0,0,0.030422662471549955,0.201,0.15135652970920374
487,2013,Bismuth,Canada,0,0,0.03604133328164401,0.124,0.2906559135616452
488,2014,Bismuth,Canada,0,0,0.0517328310230586,0.118,0.43841382222931014
489,2015,Bismuth,Canada,0,0,0.05413535378459454,0.127,0.4262626282251539
490,2016,Bismuth,Canada,0,0,0.0619865776877223,0.133,0.4660644938926488
491,2002,Gold,Canada,0,0,0.0001908004569821964,0.076,0.0025105323287131103
492,2003,Gold,Canada,0,0,6.774374491826236e-06,0.072,9.408853460869774e-05
493,2004,Gold,Canada,0,0,1.1893227433760504e-05,0.07,0.00016990324905372147
494,2005,Gold,Canada,0,0,5.298278320001628e-05,0.067,0.0007907878089554668
495,2006,Gold,Canada,0,0,8.841954538587399e-05,0.067,0.0013196947072518506
496,2007,Gold,Canada,0,0,5.432334663804772e-05,0.066,0.0008230810096673896
497,2002,Molybdenum,Canada,0,0,0.00926433318395832,0.188,0.0492783679997783
498,2003,Molybdenum,Canada,0,0,0.0067210190872055795,0.19,0.03537378466950305
499,2004,Molybdenum,Canada,0,0,0.004963655564519677,0.2,0.02481827782259838
500,2005,Molybdenum,Canada,0,0,0.016241218806031764,0.216,0.0751908278057026
501,2006,Molybdenum,Canada,0,0,0.013951771632384232,0.212,0.06581024354898223
502,2007,Molybdenum,Canada,0,0,0.017343705011977,0.221,0.07847830322161538
503,2008,Molybdenum,Canada,0,0,0.008357966782921111,0.231,0.036181674384939876
504,2009,Molybdenum,Canada,0,0,0.006067616589449241,0.243,0.02496961559444132
505,2010,Molybdenum,Canada,0,0,0.00915884340554821,0.242,0.037846460353505
506,2011,Molybdenum,Canada,0,0,0.011411069564388766,0.242,0.0471531800181354
507,2012,Molybdenum,Canada,0,0,0.015483519952733055,0.263,0.058872699440049636
508,2013,Molybdenum,Canada,0,0,0.014047464166937343,0.261,0.053821701789031964
509,2014,Molybdenum,Canada,0,0,0.01984771102655896,0.26,0.07633735010214984
510,2015,Molybdenum,Canada,0,0,0.03928417688884936,0.283,0.1388133458969942
511,2016,Molybdenum,Canada,0,0,0.0362012604747072,0.281,0.1288301084509153
512,2002,Nickel,Canada,0,0,0.006224003074028065,0.116,0.053655198914035036
513,2003,Nickel,Canada,0,0,0.004816158123078817,0.115,0.041879635852859275
514,2004,Nickel,Canada,0,0,0.0027681459967106017,0.117,0.023659367493253005
515,2005,Nickel,Canada,0,0,0.002318087973559047,0.105,0.022077028319609972
516,2006,Nickel,Canada,0,0,0.0008676858899052912,0.101,0.008590949405002882
517,2007,Nickel,Canada,0,0,0.0007689869467498196,0.111,0.006927810331079456
518,2002,Zinc,Canada,0,0,0.01276397579286909,0.104,0.1227305364698951
519,2003,Zinc,Canada,0,0,0.01694036770287128,0.111,0.1526159252510926
520,2004,Zinc,Canada,0,0,0.01256975618562729,0.117,0.10743381355236999
521,2005,Zinc,Canada,0,0,0.011285465010273624,0.116,0.09728849146787606
522,2006,Zinc,Canada,0,0,0.012220161776202616,0.121,0.10099307253060014
523,2007,Zinc,Canada,0,0,0.011297192234850156,0.126,0.0896602558321441
524,2008,Zinc,Canada,0,0,0.0101239278912375,0.129,0.07848006117238372
525,2009,Zinc,Canada,0,0,0.011181029056947124,0.129,0.08667464385230329
526,2010,Zinc,Canada,0,0,0.0,0.139,0.0
527,2011,Zinc,Canada,0,0,0.012361489093676433,0.146,0.08466773351833173
528,2012,Zinc,Canada,0,0,0.01566810366693743,0.168,0.09326252182700852
529,2013,Zinc,Canada,0,0,0.026241580679082405,0.181,0.1449811087242122
530,2014,Zinc,Canada,0,0,0.03800776268334575,0.176,0.21595319706446447
531,2015,Zinc,Canada,0,0,0.03675457854777623,0.166,0.22141312378178452
532,2016,Zinc,Canada,0,0,0.03749626146502665,0.174,0.2154957555461302
533,2017,Zinc,Canada,0,0,0.013537741021718796,0.158,0.08568190520075188
534,2002,Cadmium,Canada,0,0,0.0,0.065,0.0
535,2003,Cadmium,Canada,0,0,0.0002894276395342222,0.106,0.0027304494295681343
536,2004,Cadmium,Canada,0,0,0.0004075101650089652,0.09,0.004527890722321836
537,2005,Cadmium,Canada,0,0,0.00040102145411895993,0.087,0.004609442001367356
538,2006,Cadmium,Canada,0,0,0.0012862896716839532,0.092,0.013981409474825578
539,2007,Cadmium,Canada,0,0,0.0019805975377263046,0.091,0.021764808106882468
540,2008,Cadmium,Canada,0,0,0.0019086607635777095,0.126,0.015148101298235789
541,2009,Cadmium,Canada,0,0,0.0029244799662948855,0.131,0.022324274551869354
542,2010,Cadmium,Canada,0,0,0.007433076920731325,0.132,0.05631118879341913
543,2011,Cadmium,Canada,0,0,0.0,0.121,0.0
544,2012,Cadmium,Canada,0,0,0.0010640099824383048,0.134,0.007940373003270931
545,2013,Cadmium,Canada,0,0,0.0,0.136,0.0
546,2014,Cadmium,Canada,0,0,0.0011547893358103724,0.146,0.007909515998701181
547,2015,Cadmium,Canada,0,0,0.0016122591753174368,0.15,0.010748394502116246
548,2016,Cadmium,Canada,0,0,7.347762184102248e-05,0.132,0.0005566486503107763
549,2017,Cadmium,Canada,0,0,0.00048826192536412146,0.14,0.003487585181172296
550,2002,Rare earth,Canada,0,0,0.2850918529415938,0.855,0.3334407636743787
551,2003,Rare earth,Canada,0,0,0.0,0.864,0
552,2002,Magnesium,Canada,0,0,0.1041218459568952,0.357,0.2916578318120314
553,2003,Magnesium,Canada,0,0,0.14938213212054313,0.529,0.28238588302560136
554,2004,Magnesium,Canada,0,0,0.12217430568436369,0.559,0.21855868637632142
555,2005,Magnesium,Canada,0,0,0.1470067790753154,0.573,0.25655633346477386
556,2006,Magnesium,Canada,0,0,0.12947859805490097,0.599,0.2161579266358948
557,2007,Magnesium,Canada,0,0,0.03701743488557494,0.712,0.051990779333672674
558,2008,Magnesium,Canada,0,0,0.0,0.714,0
559,2009,Magnesium,Canada,0,0,0.0,0.709,0
560,2010,Magnesium,Canada,0,0,0.22299188848168824,0.738,0.3021570304629922
561,2011,Magnesium,Canada,0,0,0.2617050696824478,0.742,0.35270225024588653
562,2012,Magnesium,Canada,0,0,0.2785004399114035,0.766,0.3635775977955659
563,2013,Magnesium,Canada,0,0,0.33261286524227324,0.774,0.42973238403394476
564,2014,Magnesium,Canada,0,0,0.24499405698569712,0.79,0.31011905947556595
565,2015,Magnesium,Canada,0,0,0.2357143718567821,0.789,0.2987507881581522
566,2016,Magnesium,Canada,0,0,0.0,0.79,0
567,2002,Zirconium,Canada,0,0,0.11307668509773863,0.31,0.3647635003152859
568,2003,Zirconium,Canada,0,0,0.0,0.294,0
569,2004,Zirconium,Canada,0,0,0.09866246192910517,0.269,0.3667749514093129
570,2005,Zirconium,Canada,0,0,0.0,0.264,0
571,2006,Zirconium,Canada,0,0,0.0,0.275,0
572,2007,Zirconium,Canada,0,0,0.0,0.272,0
573,2008,Zirconium,Canada,0,0,0.06386215944033603,0.27,0.236526516445689
574,2009,Zirconium,Canada,0,0,0.06424171608253887,0.25,0.2569668643301555
575,2010,Zirconium,Canada,0,0,0.08121041495913554,0.271,0.29966942789348905
576,2011,Zirconium,Canada,0,0,0.0943528168452962,0.28,0.33697434587605785
577,2012,Zirconium,Canada,0,0,0.0941037717853135,0.295,0.31899583656038477
578,2013,Zirconium,Canada,0,0,0.09394788916636586,0.279,0.33673078554252994
579,2014,Zirconium,Canada,0,0,0.1057433016753276,0.288,0.36716424192822084
580,2015,Zirconium,Canada,0,0,0.1066585941133008,0.303,0.3520085614300356
581,2016,Zirconium,Canada,0,0,0.10762220351033315,0.286,0.3763014108752908
582,2002,Antimony,Canada,0,0,0.0,0.71,0.0
583,2003,Antimony,Canada,0,0,0.0,0.691,0.0
584,2004,Antimony,Canada,0,0,0.016929057249754846,0.725,0.023350423792765307
585,2005,Antimony,Canada,0,0,0.12954688145080856,0.742,0.17459148443505199
586,2006,Antimony,Canada,0,0,0.10815161547673201,0.768,0.14082241598532813
587,2007,Antimony,Canada,0,0,0.2099521901453206,0.787,0.2667753369063794
588,2008,Antimony,Canada,0,0,0.18955386919038092,0.698,0.27156714783722197
589,2009,Antimony,Canada,0,0,0.16628989396886942,0.732,0.2271719862962697
590,2010,Antimony,Canada,0,0,0.16161832146107513,0.623,0.2594194565988365
591,2011,Antimony,Canada,0,0,0.15497188034437648,0.602,0.25742837266507723
592,2012,Antimony,Canada,0,0,0.0820804489395587,0.586,0.14006902549412747
593,2013,Antimony,Canada,0,0,0.02157222927208174,0.613,0.03519123861677283
594,2014,Antimony,Canada,0,0,0.0977302244641511,0.595,0.16425247809101026
595,2015,Antimony,Canada,0,0,0.20762503581760985,0.587,0.35370534210836435
596,2016,Antimony,Canada,0,0,0.18228247929683072,0.557,0.3272575929925147
597,2002,Asbestos,Canada,0,0,0.19984150044226667,0.293,0.6820529025333334
598,2003,Asbestos,Canada,0,0,0.19036048246681656,0.294,0.6474846342408727
599,2004,Asbestos,Canada,0,0,0.1727461632191362,0.297,0.5816369131957447
600,2005,Asbestos,Canada,0,0,0.21373251466568766,0.321,0.6658333790208338
601,2006,Asbestos,Canada,0,0,0.10761175405122728,0.337,0.3193227123181818
602,2007,Asbestos,Canada,0,0,0.082831209201,0.351,0.235986351
603,2008,Asbestos,Canada,0,0,0.0,0.354,0
604,2009,Asbestos,Canada,0,0,0.19076636759041857,0.346,0.5513478832093023
605,2010,Asbestos,Canada,0,0,0.16233527404799997,0.352,0.46117975581818177
606,2011,Asbestos,Canada,0,0,0.15072495498524444,0.352,0.4281958948444444
607,2012,Asbestos,Canada,0,0,0.13416486369356376,0.343,0.39115120610368437
608,2002,Chromium,Canada,0,0,0.12281073851264786,0.272,0.4515100680612053
609,2002,Magnesium,Canada,0,0,0.1041218459568952,0.357,0.2916578318120314
610,2003,Magnesium,Canada,0,0,0.14938213212054313,0.529,0.28238588302560136
611,2004,Magnesium,Canada,0,0,0.12217430568436369,0.559,0.21855868637632142
612,2005,Magnesium,Canada,0,0,0.1470067790753154,0.573,0.25655633346477386
613,2006,Magnesium,Canada,0,0,0.12947859805490097,0.599,0.2161579266358948
614,2007,Magnesium,Canada,0,0,0.03701743488557494,0.712,0.051990779333672674
615,2008,Magnesium,Canada,0,0,0.0,0.714,0
616,2009,Magnesium,Canada,0,0,0.0,0.709,0
617,2010,Magnesium,Canada,0,0,0.22299188848168824,0.738,0.3021570304629922
618,2011,Magnesium,Canada,0,0,0.2617050696824478,0.742,0.35270225024588653
619,2012,Magnesium,Canada,0,0,0.2785004399114035,0.766,0.3635775977955659
620,2013,Magnesium,Canada,0,0,0.33261286524227324,0.774,0.42973238403394476
621,2014,Magnesium,Canada,0,0,0.24499405698569712,0.79,0.31011905947556595
622,2015,Magnesium,Canada,0,0,0.2357143718567821,0.789,0.2987507881581522
623,2016,Magnesium,Canada,0,0,0.0,0.79,0
