Index,Year,533,20,4,24,660,8,784,32,51,16,28,36,40,31,108,56,204,854,50,100,48,44,70,112,84,60,68,76,52,96,64,728,72,140,124,757,152,156,384,120,178,184,170,174,132,188,192,136,196,203,276,262,212,208,214,12,218,818,232,724,233,231,246,242,251,583,266,826,268,288,324,270,624,226,300,308,304,320,254,316,328,344,340,191,332,348,360,699,372,364,368,352,376,381,388,400,392,398,404,417,116,296,659,410,414,418,422,430,434,662,568,144,426,440,442,428,221,446,504,899,498,450,462,484,584,807,466,470,104,496,499,508,478,474,480,454,458,516,562,566,558,570,528,579,524,520,554,512,586,591,585,604,608,598,616,636,408,620,600,634,638,642,643,646,882,682,729,686,702,90,694,222,674,706,678,740,703,705,752,748,690,760,148,768,764,762,795,626,776,780,788,792,798,490,834,800,804,858,842,860,670,862,850,704,548,879,887,688,710,180,894,716
1,1996,0.36263911,0.265968537,0.982808352,0.911457253,0.36263911,0.56676228,0.307375491,0.477402826,0.572935176,0.36263911,0.356300914,0.220705152,0.217900491,0.665530586,0.922779369,0.242249441,0.290214062,0.560322559,0.609235632,0.518135656,0.561545521,0.285955763,0.618404663,0.481273863,0.388326406,0.356300914,0.52695733,0.543636185,0.290214062,0.252885461,0.355407929,0.5,0.29707768,0.742049336,0.253259206,0.20870533,0.364335263,0.519191414,0.493032255,0.691365123,0.74447546,0.36263911,0.828339052,0.398656154,0.293722725,0.349184501,0.453451762,0.356300914,0.422524911,0.270484185,0.242249441,0.567770302,0.356300914,0.211586475,0.514777663,0.856006145,0.653726733,0.604715228,0.687185216,0.464459011,0.346489573,0.710224342,0.217545009,0.334105361,0.322354317,0.5,0.475271304,0.303649807,0.813694191,0.546619722,0.730056429,0.3881356,0.807845569,0.526502633,0.389205348,0.317324603,0.36263911,0.702075291,0.491799424,0.36263911,0.553186888,0.384579229,0.594034278,0.507896378,0.651342165,0.298696017,0.725647855,0.693394673,0.231163144,0.564379799,0.86327076,0.235194826,0.73017714,0.277756095,0.477716963,0.508800706,0.267470479,0.573784584,0.630779898,0.534851831,0.72055068,0.36263911,0.5,0.386277366,0.465463749,0.425766677,0.633533943,0.987335491,0.697480893,0.293722725,0.265968537,0.855076838,0.453520265,0.395454395,0.223937154,0.387942767,0.5,0.44663325,0.541479823,0.5,0.497912475,0.45658716,0.323775601,0.684601426,0.5,0.596059376,0.427230829,0.235194826,0.751347828,0.350542021,0.5,0.509922687,0.426409745,0.44663325,0.282213044,0.5909661,0.385621452,0.329044831,0.494730934,0.711091852,0.603226519,0.5,0.19481442,0.20870533,0.514192331,0.5,0.2317379,0.325105417,0.72488234,0.475052524,0.5,0.711724806,0.595310044,0.654575956,0.33380487,0.44663325,0.600749695,0.242679405,0.5916587,0.427954179,0.5,0.380365694,0.734887409,0.868558335,0.235993052,0.537540403,0.995354462,0.620499742,0.276621342,0.293722725,0.838916755,0.542742631,0.5,1,0.290214062,0.411956543,0.324231231,0.237881398,0.20870533,0.541302854,0.290214062,0.569107699,0.699444175,0.575400788,0.406428778,0.922779369,0.41027205,0.5,0.5,0.445059228,0.447368145,0.751150918,0.5,0.288496089,0.624824309,0.805734372,0.530492488,0.37532661,0.31284498,0.609134555,0.293722725,0.616196382,0.5,0.3947631,0.293722725,0.807962608,0.761577392,0.706678081,0.57543391,1,0.531852624,0.592896551
2,1998,0.359142282,0.263271093,0.984599209,0.962614441,0.359142282,0.608541286,0.325765741,0.526393974,0.632079184,0.359142282,0.353980815,0.28682394,0.277774239,0.640185273,0.958668947,0.295167589,0.3517349,0.522225465,0.573712713,0.384667659,0.532299623,0.282732511,0.616824603,0.47793511,0.380843651,0.353980815,0.547897604,0.567379791,0.283479929,0.277854776,0.392219484,0.5,0.308904123,0.727973819,0.309908378,0.212236977,0.492942238,0.578278816,0.540464973,0.6564816,0.799450397,0.359142282,0.857652283,0.387200749,0.278060126,0.319135737,0.49817212,0.353980815,0.455663091,0.320071673,0.251651335,0.692507958,0.353980815,0.213706994,0.582835943,0.875175285,0.532133636,0.503705565,0.693846321,0.473395512,0.368676782,0.626058114,0.205482483,0.328983235,0.359977508,0.5,0.435162944,0.313930786,0.827177763,0.527093396,0.617184627,0.364874768,0.871218252,0.516148573,0.345776021,0.309410131,0.359142282,0.63347702,0.49004541,0.359142282,0.475379942,0.359548557,0.493779723,0.486227971,0.688248348,0.256200075,0.845608544,0.739236283,0.1974962,0.63807044,0.806188846,0.224835944,0.724313402,0.261517215,0.48299982,0.484800544,0.250468779,0.461037993,0.680959523,0.533246347,0.752383423,0.359142282,0.5,0.397134519,0.408969486,0.538265082,0.650127697,0.850175571,0.661656892,0.430462259,0.263271093,0.795924067,0.523710708,0.414284247,0.223190022,0.493275934,0.5,0.444690549,0.438282061,0.5,0.422197962,0.460626879,0.277122831,0.58418684,0.5,0.642440677,0.414541847,0.214960551,0.79651196,0.42941488,0.5,0.477407201,0.42952553,0.444690549,0.306558454,0.513762696,0.507460067,0.39886235,0.562810153,0.617274582,0.598028904,0.5,0.181166291,0.212236977,0.645666289,0.5,0.236935472,0.328968966,0.724158025,0.425836486,0.5,0.603850448,0.550807363,0.521296777,0.332172203,0.444690549,0.583296192,0.226152587,0.648751879,0.288209105,0.5,0.399922788,0.71716764,0.906808519,0.231619525,0.477718337,0.951159382,0.697186911,0.313989961,0.278060126,0.93382225,0.481594332,0.5,0.928124046,0.283479929,0.380275643,0.264036942,0.251591372,0.220342374,0.500959048,0.283479929,0.508368095,0.760762954,0.622975254,0.372140205,0.867662334,0.460474467,0.5,0.5,0.417525482,0.446992695,0.745797372,0.5,0.308499897,0.581123406,0.720386791,0.52396829,0.346731699,0.32403791,0.63683356,0.278060126,0.607008088,0.5,0.436011791,0.278060126,0.807529473,0.73785069,0.927836752,0.608676744,1,0.456093222,0.647924948
3,2000,0.415446393,0.266599584,0.9880373,0.907116508,0.415446393,0.607595706,0.30497812,0.480128248,0.636717665,0.415446393,0.357162178,0.233089519,0.335234666,0.666038823,0.903031778,0.273924661,0.340320659,0.488150129,0.644901848,0.424008924,0.48884521,0.243980384,0.605288935,0.472265765,0.463423461,0.357162178,0.547110957,0.46265206,0.269958353,0.239549065,0.401872057,0.5,0.285409498,0.724209905,0.266306829,0.184090567,0.402606761,0.541786799,0.748807812,0.612565649,0.684074748,0.415446393,0.82073617,0.49562603,0.256151295,0.325768244,0.450461355,0.357162178,0.396905982,0.433589935,0.217410159,0.548366544,0.40244348,0.199337912,0.496832294,0.786401963,0.614828491,0.48937805,0.653847575,0.407547742,0.319881654,0.688792193,0.155725431,0.439969361,0.342596793,0.5,0.372695661,0.292943072,0.662658465,0.571968746,0.88193543,0.393363273,0.569988781,0.508228314,0.338253188,0.296328616,0.415446393,0.653602123,0.49300609,0.415446393,0.597694486,0.313016331,0.515708131,0.444374782,0.625872099,0.316567254,0.899223971,0.699625909,0.182885885,0.645265329,0.847188568,0.184812307,0.708329201,0.316385746,0.462644291,0.499863293,0.260219073,0.481846444,0.713649964,0.5366395,0.655727816,0.415446393,0.5,0.420387554,0.349529743,0.615812695,0.587747878,0.890388942,0.559398896,0.256151295,0.266599584,0.880957127,0.480982825,0.415090168,0.178773069,0.416761458,0.5,0.40244348,0.513118963,0.5,0.586396068,0.467875257,0.264126039,0.539633039,0.5,0.623344326,0.452022335,0.18261776,0.834859443,0.335295749,0.5,0.525009084,0.431158465,0.40244348,0.348654115,0.565411806,0.481162009,0.550845367,0.475041506,0.7912287,0.512796639,0.5,0.147979522,0.193216085,0.733083177,0.5,0.227537656,0.275496387,0.720606494,0.449409205,0.5,0.697746241,0.77778604,0.542073679,0.438174754,0.447724789,0.502577485,0.220454764,0.694203699,0.268286133,0.5,0.57647714,0.779354334,0.838564229,0.243588066,0.454698378,0.948793077,0.618144643,0.271744347,0.647267878,0.873824859,0.433567214,0.5,0.889869642,0.269958353,0.457917282,0.367629898,0.322809386,0.221420336,0.492709875,0.243588066,0.535645935,0.727188468,0.558879143,0.408937579,0.829753375,0.498604614,0.41259793,0.5,0.469485363,0.435098404,0.660039663,0.5,0.392525673,0.640445375,0.749531555,0.58204537,0.313793981,0.283098364,0.761360931,0.256151295,0.651470172,0.5,0.418095517,0.256151295,0.809975219,0.72870214,0.828590655,0.545096931,0.995310211,0.493219338,0.764581251
4,2002,0.424889063,0.243592262,0.907077837,0.815409279,0.424889063,0.558915615,0.313030577,0.655883074,0.551495034,0.424889063,0.341448593,0.26141789,0.227558899,0.738634658,0.957648087,0.24713347,0.33594116,0.561773103,0.7067101,0.406320965,0.443170774,0.308699942,0.532503152,0.439545894,0.416791397,0.341448593,0.557981884,0.434031081,0.280566168,0.268642449,0.361416411,0.5,0.325266004,0.84689815,0.255686116,0.191013288,0.281659365,0.565418893,0.883711505,0.635468423,0.816990161,0.424889063,0.890035534,0.419383872,0.354399467,0.285635185,0.448020786,0.341448593,0.461032018,0.290848446,0.280092096,0.56262604,0.390376723,0.194572043,0.476090063,0.826646757,0.652410805,0.58268767,0.553396875,0.411223233,0.31403625,0.744642758,0.148961353,0.405350006,0.314284348,0.5,0.418840367,0.364183617,0.738360405,0.532753658,0.784376454,0.334743702,0.645791566,0.604457784,0.324994719,0.315270591,0.424889063,0.667356634,0.439304882,0.424889063,0.612731695,0.318813765,0.551168174,0.374512327,0.75126338,0.247763205,0.816458726,0.741806746,0.198515201,0.65490272,0.821701956,0.175664616,0.792304325,0.332214034,0.541930011,0.592216361,0.264090776,0.428338552,0.737294149,0.622805727,0.645534956,0.424889063,0.5,0.45184409,0.530735517,0.520904675,0.571210295,0.938288498,0.519493364,0.428399909,0.243592262,0.655487144,0.509463286,0.321551013,0.172094083,0.311124468,0.5,0.390376723,0.552839267,0.5,0.532492462,0.546001419,0.284990621,0.511202984,0.5,0.707529593,0.417839301,0.180114841,0.782831764,0.265680337,0.5,0.462718815,0.42380833,0.390376723,0.276309347,0.499348615,0.391977537,0.470940134,0.525625157,0.825023699,0.517847763,0.5,0.238703227,0.177950907,0.844305634,0.5,0.235479569,0.314641476,0.828146601,0.431036937,0.5,0.693506384,0.671225631,0.610529745,0.351128912,0.439304882,0.463227153,0.212222505,0.743109536,0.334221816,0.5,0.407319772,0.644236696,0.830652022,0.280566168,0.499504392,0.868768263,0.554814118,0.248558187,0.588621432,0.637729633,0.44047749,0.5,0.975150299,0.389103901,0.40173074,0.312198305,0.239483833,0.204336476,0.47475886,0.319695067,0.444328827,0.812193727,0.489104924,0.398226631,0.696639037,0.486200249,0.597330469,0.5,0.518738735,0.469706863,0.66171664,0.5,0.360362601,0.550482959,0.783758426,0.559445739,0.332668042,0.442498207,0.712233829,0.428399909,0.763250566,0.5,0.429700905,0.268178368,0.830730033,0.761155725,0.602465189,0.55073415,0.895515013,0.55576089,0.804395676
5,2003,0.39590339,0.207002878,0.939561749,0.701307559,0.39590339,0.561764842,0.300996661,0.571788234,0.452560374,0.39590339,0.326881135,0.324239588,0.307320142,0.689733112,0.948905468,0.328065944,0.3641873,0.486625506,0.723080659,0.465168974,0.403352195,0.334600151,0.580941498,0.361354625,0.402808642,0.329374135,0.666832316,0.498805459,0.316222239,0.270948005,0.316222239,0.5,0.278887582,0.807709408,0.289181709,0.250553656,0.347345185,0.612733233,0.860606623,0.585961884,0.733733702,0.39590339,0.974893427,0.634536576,0.316222239,0.380516887,0.436729413,0.329374135,0.393736434,0.322628009,0.3843485,0.68250165,0.365502453,0.259038544,0.583847207,0.850725436,0.692152846,0.628025794,0.643880332,0.508994021,0.320973325,0.781710792,0.16237669,0.409453225,0.463647255,0.374699879,0.440223378,0.445429206,0.75974431,0.494245159,0.657766211,0.43519609,0.598815888,0.477356209,0.404131347,0.322866821,0.39590339,0.655018163,0.437011743,0.39590339,0.587321383,0.310282624,0.575883228,0.388270307,0.763020205,0.27349081,0.918928576,0.801756191,0.230062747,0.656115913,0.978551531,0.196482468,0.803807878,0.41352185,0.57666685,0.51472069,0.294486284,0.428692424,0.752572346,0.719773388,0.630505204,0.266757584,0.266757584,0.450320384,0.44120183,0.746455121,0.591881567,0.931867218,0.475923862,0.266757584,0.207002878,0.666709185,0.480051279,0.289933825,0.21167748,0.29952116,0.5,0.275555301,0.581068087,0.266757584,0.526347405,0.375660062,0.293589282,0.523301731,0.266757584,0.697692776,0.44837485,0.19034307,0.73093276,0.307248545,0.5,0.45075976,0.488045459,0.329374135,0.297969151,0.491804399,0.402789956,0.404455853,0.49146608,0.826799655,0.57341029,0.5,0.267467141,0.258886933,0.878307438,0.266757584,0.262187219,0.287751722,0.809726405,0.485213296,0.266757584,0.732296991,0.811792207,0.611892283,0.384375978,0.437011743,0.455261484,0.241814733,0.649765837,0.26271174,0.5,0.435881954,0.738311172,0.722472572,0.245624185,0.471727461,0.895333028,0.549995941,0.324372184,0.428671038,0.716077876,0.535924441,0.266757584,1,0.448074555,0.403361768,0.310497081,0.262700677,0.231442213,0.486695877,0.370831919,0.487039037,0.774469447,0.537350535,0.528630647,0.719773388,0.489395045,0.557293922,0.374699879,0.549980721,0.436109805,0.653384149,0.266757584,0.372545719,0.670899141,0.812200546,0.572655362,0.357547474,0.483742251,0.75992167,0.347714293,0.757291174,0.5,0.474588588,0.347714293,0.759924603,0.796048021,0.616420949,0.562349051,0.905605364,0.456458873,0.717668533
6,2004,0.301229084,0.21970253,0.959235716,0.712559509,0.342225218,0.58567552,0.3461972,0.621991134,0.523372579,0.352474248,0.282858014,0.312699413,0.281883645,0.712221408,1,0.357971644,0.446978635,0.516460231,0.772252083,0.499289867,0.437466943,0.321785784,0.49678291,0.467749953,0.419674683,0.321046662,0.63613658,0.555141348,0.280925465,0.2260849,0.265687656,0.5,0.316763294,0.78495965,0.324632919,0.254361558,0.361572933,0.578038371,0.923382282,0.572077811,0.737975168,0.33747981,0.953883219,0.532604435,0.292284799,0.373384917,0.428980941,0.252557635,0.424020153,0.369169891,0.372032666,0.568918836,0.310709786,0.282994103,0.568773782,0.771904206,0.668573177,0.664327002,0.627838409,0.517610051,0.359282374,0.762296462,0.175948,0.4222215,0.430812889,0.299349856,0.418445116,0.47148563,0.673036838,0.492006632,0.706863618,0.466882041,0.57579186,0.512349245,0.402072513,0.324094236,0.33747981,0.661780918,0.465213615,0.37297231,0.611074817,0.270806479,0.578439629,0.362780249,0.897227716,0.334266126,0.881658363,0.755779767,0.26556294,0.652589369,1,0.208631253,0.764584303,0.44593991,0.569045597,0.54695383,0.294296241,0.485953383,0.717381716,0.736777854,0.581750774,0.268711281,0.227141762,0.414316612,0.431081045,0.622236538,0.642890573,0.773396134,0.428960943,0.256168342,0.197083139,0.702310109,0.428478336,0.346885359,0.236828661,0.376544046,0.5,0.229485869,0.562470204,0.277962446,0.544199288,0.451134411,0.399540424,0.542772129,0.27445395,0.67053827,0.409345073,0.236382484,0.697255111,0.345265746,0.5,0.49952566,0.533001572,0.248605394,0.305053174,0.475329025,0.430511063,0.367106843,0.60123893,0.850797391,0.56825406,0.5,0.296583724,0.260483241,0.929814339,0.27445395,0.199871945,0.276908851,0.816628003,0.483041471,0.27445395,0.705332708,0.841182518,0.610099006,0.469410142,0.38823483,0.45540176,0.305845618,0.61304028,0.275316572,0.41396845,0.488195167,0.802670217,0.737418342,0.268390679,0.63106637,0.81011126,0.494255821,0.281054497,0.49633658,0.602665687,0.513736244,0.27445395,1,0.385578239,0.439748955,0.381452799,0.283828139,0.227419591,0.501060595,0.368636811,0.557274145,0.807938385,0.563131988,0.643287086,0.761534953,0.523208039,0.531748334,0.336485529,0.513587877,0.470279023,0.666843605,0.246091866,0.377625656,0.634186649,0.761005139,0.594383919,0.381790614,0.546269643,0.79115665,0.294478846,0.778482389,0.331976175,0.470021257,0.375222647,0.726563931,0.810511541,0.601812136,0.526272258,0.977605534,0.462084568,0.741499996
7,2005,0.224030685,0.223060703,0.914186859,0.677508783,0.261207581,0.601428103,0.324833405,0.508353612,0.513506998,0.35070262,0.333930314,0.321297765,0.278922749,0.725502467,0.804948378,0.340837824,0.41063683,0.512971027,0.872752833,0.470698071,0.497679559,0.312272632,0.600280893,0.428538221,0.479615955,0.33600055,0.694678319,0.552897513,0.276864552,0.25707314,0.243322349,0.5,0.287310338,0.786010623,0.334076381,0.260472035,0.331069875,0.600357807,0.952809334,0.536628598,0.73336637,0.370666956,0.911221313,0.587086409,0.349300921,0.357986438,0.415167034,0.261207581,0.396740508,0.312785733,0.321961284,0.662662446,0.333468366,0.285064125,0.551748973,0.683042669,0.658873057,0.626036084,0.659053254,0.460957292,0.379222059,0.838149738,0.180827546,0.423116899,0.419682521,0.273455191,0.434798247,0.474651778,0.650833094,0.466335723,0.731333494,0.459575212,0.612927377,0.578553551,0.398602986,0.417466986,0.370666956,0.667634237,0.458516386,0.35070262,0.591113079,0.232577753,0.625218642,0.413387537,0.861815643,0.299395967,0.803636646,0.702539682,0.240023994,0.656955051,1,0.211050844,0.749537897,0.401973403,0.559587246,0.526751536,0.292788482,0.462209606,0.749965549,0.735024166,0.579235041,0.223060703,0.24296515,0.403074503,0.449821293,0.598578149,0.700397348,0.7723418,0.410246521,0.299464178,0.223060703,0.730972791,0.500873239,0.344561553,0.233529472,0.337161171,0.5,0.242888856,0.611190498,0.294385767,0.580974627,0.504301056,0.337696898,0.589587587,0.286568785,0.731674385,0.464863491,0.223967648,0.680653167,0.324342418,0.5,0.475088386,0.546098191,0.261207581,0.294445109,0.479099613,0.387045991,0.374944568,0.597672999,0.833438969,0.567744625,0.5,0.302215743,0.240776849,0.919963264,0.286568785,0.249221063,0.310856652,0.850743318,0.531575701,0.286568785,0.69503206,0.736501193,0.68526547,0.427675676,0.410354322,0.496345549,0.296477938,0.630222237,0.294595408,0.404609507,0.483087823,0.753709149,0.700450468,0.273559904,0.548734537,0.895222902,0.540890819,0.26870327,0.503532522,0.595850039,0.506621404,0.286568785,1,0.384849906,0.453929713,0.320922244,0.281648588,0.239794588,0.579108554,0.313352823,0.592591476,0.78879981,0.789281321,0.673868001,0.778745604,0.485760267,0.642090797,0.364272594,0.523962818,0.495237582,0.620307851,0.223060703,0.366015756,0.616583765,0.783527398,0.557205302,0.34427824,0.511730707,0.89185524,0.270021868,0.74911449,0.409915125,0.403615481,0.223060703,0.781957698,0.787343097,0.653031659,0.53252103,0.926502895,0.478990045,0.75458281
8,2006,0.238849497,0.230200911,0.944260311,0.608397198,0.278440309,0.601666486,0.315292287,0.49938886,0.552548099,0.359181178,0.34009366,0.312962437,0.284813333,0.71883235,0.785401082,0.328469157,0.390597904,0.468765533,0.80109868,0.420896572,0.573287451,0.33787024,0.588400668,0.470638466,0.484084339,0.344933879,0.660561419,0.558924645,0.317071414,0.275107718,0.247323418,0.5,0.2967134,0.870309567,0.292893481,0.246135092,0.377175426,0.607952762,0.873058772,0.549054289,0.684881735,0.346839564,0.880318141,0.57195462,0.30737685,0.352404511,0.405101687,0.278440309,0.392049122,0.289205599,0.29469533,0.551991904,0.317599714,0.290426993,0.521702765,0.725290561,0.670796478,0.667764509,0.679984391,0.530051631,0.352700305,0.84778738,0.199729824,0.507633799,0.380582225,0.273888397,0.455970979,0.366163981,0.692896771,0.498393592,0.881489849,0.506866278,0.599037385,0.466877493,0.373562014,0.422151607,0.346839564,0.647169089,0.490609051,0.359181178,0.646995747,0.261894011,0.63392781,0.388162458,0.778722453,0.302684104,0.783407831,0.712744379,0.261603403,0.708516359,1,0.209173536,0.751950145,0.393634498,0.56377275,0.652651477,0.272273183,0.458356211,0.725036383,0.777203131,0.569544739,0.230200911,0.257932091,0.415301114,0.417782044,0.51711659,0.861479354,0.765926075,0.428436142,0.327665174,0.230200911,0.784360528,0.525173309,0.325924826,0.219812512,0.332271767,0.5,0.305343115,0.592235059,0.298902011,0.574283195,0.463302779,0.348395228,0.627606535,0.292701817,0.64758749,0.417291135,0.253904438,0.670504165,0.3706164,0.49148943,0.396099854,0.452271563,0.278440309,0.343918788,0.47614757,0.442455328,0.34340266,0.545498577,0.906828165,0.553523904,0.5,0.319417667,0.249328351,0.878882527,0.292701817,0.248917937,0.331870496,0.905183172,0.51360554,0.292701817,0.6681077,0.828064775,0.674495113,0.429268652,0.424115467,0.505222232,0.309408879,0.65494473,0.314736927,0.359181178,0.470425692,0.681558633,0.636422908,0.280426073,0.604721558,0.927898216,0.552818048,0.249948192,0.486516196,0.560436749,0.533391649,0.292701817,1,0.430770952,0.503105371,0.343616545,0.28304863,0.241021419,0.554560256,0.317194963,0.555490935,0.866461277,0.605793798,0.726081347,0.777318215,0.549330002,0.731569862,0.4062989,0.54749409,0.457855284,0.617931437,0.230200911,0.364974558,0.571150279,0.72803967,0.507165349,0.320119178,0.401211345,0.856915689,0.287817693,0.750527453,0.39721266,0.419244415,0.230200911,0.846774983,0.769121265,0.607922447,0.490360615,0.950002575,0.42749998,0.686592126
9,2007,0.242567468,0.231871247,0.98211627,0.633206439,0.282646585,0.540644807,0.304923546,0.480228297,0.469910792,0.306409729,0.339548242,0.314242041,0.243249631,0.625113416,0.775066948,0.348514163,0.422775489,0.438460654,0.808009553,0.428343982,0.54943938,0.353999102,0.626125503,0.431891775,0.461117679,0.34563731,0.670060098,0.571391034,0.291135931,0.278655076,0.386267364,0.5,0.288920927,0.870917249,0.298626566,0.253167892,0.418568951,0.599764109,0.867611504,0.565006512,0.654016006,0.315715331,0.860656071,0.718826604,0.324595058,0.38330965,0.409728169,0.282646585,0.392569029,0.296991706,0.300798297,0.524438868,0.342404485,0.276463699,0.515510002,0.729672003,0.662888563,0.610274768,0.709545112,0.555069631,0.37322408,0.860682487,0.202432656,0.487630942,0.387275112,0.270131516,0.439339668,0.384921741,0.62895447,0.514357156,0.980033827,0.490448961,0.591995496,0.448808438,0.395162117,0.423131955,0.315715331,0.65045445,0.488786244,0.413647366,0.611709285,0.279273844,0.587333244,0.379056025,0.763696194,0.350565207,0.739259243,0.730362129,0.257106638,0.686092973,1,0.203043032,0.749963021,0.410469586,0.550907791,0.559939784,0.297991085,0.370516288,0.760508204,0.697892833,0.572596985,0.231871247,0.339548242,0.386745107,0.375920665,0.535156071,0.923354626,0.748793817,0.350659287,0.376431882,0.231871247,0.849651313,0.578126347,0.336544561,0.203418159,0.387556314,0.5,0.408628035,0.600010931,0.292987013,0.503041654,0.482068506,0.483375141,0.645689094,0.28314693,0.585159475,0.453810433,0.246263242,0.712897086,0.366315854,0.478488888,0.428478169,0.555668378,0.282646585,0.324239755,0.483504841,0.461245352,0.296309662,0.591687834,0.902266264,0.523896691,0.5,0.344295979,0.270917153,0.876651049,0.28314693,0.251370502,0.31219523,0.985978842,0.512136272,0.28314693,0.654611623,0.820578671,0.649455607,0.363452542,0.417755878,0.392604303,0.335636294,0.647614503,0.309562314,0.360028553,0.460324171,0.672268343,0.571661615,0.299165463,0.593340605,0.97194314,0.548777187,0.265175653,0.453984788,0.512166064,0.501263854,0.28314693,1,0.421212208,0.503454319,0.292834735,0.280450249,0.245764589,0.490395173,0.342434573,0.567638826,0.873186517,0.568162578,0.722287607,0.650193572,0.444753361,0.720329189,0.443673342,0.537518436,0.468106541,0.663509512,0.231871247,0.389495051,0.57712872,0.683021855,0.465373573,0.332900465,0.42485401,0.772133541,0.342385459,0.745518279,0.402883893,0.449578899,0.25365901,0.896216702,0.818305492,0.618210649,0.456833082,0.93529644,0.427316743,0.721793675
10,2008,0.236171865,0.232446933,1,0.572582299,0.276772809,0.506163786,0.36061902,0.517044437,0.501873053,0.30316143,0.337213433,0.308871031,0.232158828,0.566694963,0.827632761,0.37575134,0.425081736,0.475967406,0.80118742,0.425873774,0.547480649,0.345032251,0.608073759,0.396302104,0.462408108,0.340642762,0.639111078,0.562519944,0.285845613,0.274606967,0.355881822,0.5,0.293599582,0.868479061,0.291630077,0.255347729,0.413361937,0.598254991,0.861334777,0.610179222,0.644013166,0.31553567,0.87018187,0.721469617,0.337300897,0.42793709,0.395047104,0.276772809,0.372063184,0.290031052,0.310833108,0.445901483,0.316959333,0.286940265,0.507400987,0.718797898,0.645782101,0.602101517,0.642275691,0.576169872,0.38584317,0.846017075,0.210830998,0.513497087,0.390855992,0.266532683,0.447269422,0.401061296,0.684022057,0.50552576,0.919604254,0.486976935,0.641811192,0.459152398,0.445988286,0.422814465,0.31553567,0.642893362,0.485714613,0.411613405,0.626746619,0.273997331,0.60591619,0.385650766,0.777019024,0.349958813,0.711675262,0.721502376,0.262751913,0.68819648,0.993725729,0.256929564,0.764219832,0.390159881,0.561037147,0.573845124,0.321169269,0.375213039,0.778388214,0.613914824,0.560093862,0.232446933,0.315878117,0.415621126,0.399678075,0.496586614,0.87515924,0.757017112,0.338349342,0.371883321,0.232446933,0.859371495,0.541185781,0.35074861,0.197537446,0.459081021,0.298506045,0.404512721,0.614128959,0.294638038,0.554189754,0.594010627,0.532835978,0.660753214,0.298506045,0.559209335,0.457926702,0.245467019,0.718540287,0.391820347,0.34697988,0.42369774,0.628437722,0.381243694,0.322038054,0.51243615,0.478334981,0.259953165,0.633683848,0.872125816,0.544379827,0.5,0.326994586,0.242970085,0.866888118,0.298506045,0.267444444,0.315553939,1,0.519413099,0.298506045,0.678141105,0.855662632,0.622673571,0.317903745,0.446458066,0.395793903,0.302309179,0.644938993,0.277028275,0.411613405,0.464007926,0.649873865,0.56478675,0.280537748,0.567434025,0.997051048,0.529539469,0.230883884,0.458613282,0.547613809,0.491884213,0.298506045,1,0.464874992,0.480332597,0.283845949,0.270409346,0.274004817,0.515860213,0.349905527,0.567284536,0.893351221,0.53390432,0.754287124,0.6660133,0.393490648,0.660129213,0.443234569,0.523174617,0.479538971,0.664714086,0.232446933,0.331792986,0.545607206,0.675251484,0.491517721,0.330746138,0.382955229,0.741817737,0.339880335,0.762207508,0.39857564,0.467074177,0.263168168,0.899647212,0.902219582,0.608768475,0.490053339,0.901193666,0.406031615,0.742789006
11,2009,0.275500107,0.240716314,1,0.569452488,0.325982893,0.509049721,0.315831876,0.546481115,0.454445049,0.310873187,0.355735111,0.328862202,0.261879563,0.55518803,0.754538822,0.336018205,0.41934039,0.493011718,0.808942676,0.429279202,0.527289888,0.327889693,0.633323658,0.402243984,0.494432327,0.361231887,0.601491642,0.466741568,0.290220141,0.222474575,0.339212608,0.5,0.309441984,0.881062889,0.274652171,0.238489389,0.379353726,0.589869273,0.764174891,0.594894022,0.549902365,0.084060429,0.866381574,0.653347218,0.336191785,0.382578015,0.428565663,0.281113458,0.422164929,0.318987155,0.327893841,0.401210201,0.366741312,0.299873567,0.500282264,0.739415646,0.63463757,0.621410203,0.636213243,0.59475534,0.386844826,0.828158832,0.208036971,0.554829842,0.39764961,0.242402172,0.4716607,0.475683296,0.69331454,0.494011321,0.923220253,0.475116411,0.633297455,0.425348884,0.541547251,0.421883494,0.007320084,0.685470057,0.439269191,0.419666481,0.626116586,0.306760037,0.561623996,0.377682543,0.691281474,0.392865157,0.650277257,0.770761228,0.288690925,0.812552094,0.935113573,0.261829209,0.825257111,0.43035782,0.572389424,0.570857459,0.304852843,0.344637716,0.785091496,0.624994409,0.61251204,0.219449544,0.28161912,0.418087089,0.429443139,0.531747937,0.812336302,0.710216498,0.333345413,0.362592983,0.18920188,0.768438482,0.43480168,0.373758233,0.209893441,0.430308068,0.414996815,0.378902471,0.579545707,0.305761826,0.617116213,0.646570516,0.546222606,0.637099171,0.22328949,0.559848738,0.515114185,0.250203776,0.758843088,0.377748644,0.33674711,0.374762881,0.676743567,0.419666481,0.358726692,0.489351963,0.508476227,0.314365196,0.730065942,0.899014306,0.561121047,0.271058702,0.311016428,0.244918036,0.823984575,0.22328949,0.285885882,0.33467294,1,0.487263766,0.22328949,0.735976577,0.845517206,0.658463049,0.312383878,0.468920577,0.50550582,0.342473125,0.676425838,0.255275369,0.419666481,0.427956939,0.693691337,0.601240265,0.308550584,0.598231763,1,0.540861058,0.264110756,0.457121581,0.557703292,0.501237886,0.22328949,1,0.470798293,0.470756736,0.316189253,0.313038838,0.282906413,0.502908879,0.380215824,0.601391232,0.845664883,0.533004943,0.78495729,0.705198979,0.403374845,0.613482428,0.457121581,0.528256479,0.487645088,0.706368494,0.219449544,0.386304927,0.482170014,0.698487055,0.560376137,0.341936302,0.41031394,0.689930165,0.353985751,0.755202961,0.528459775,0.445658088,0.253878522,0.908635092,0.965403605,0.59551785,0.522659881,0.900418282,0.386336434,0.73342998
12,2010,0.279830527,0.24434557,1,0.545236468,0.225247669,0.53829658,0.339648426,0.516959573,0.485628934,0.316170657,0.319000125,0.322228026,0.269470358,0.547709385,0.825191879,0.337870765,0.447747976,0.523527429,0.785157895,0.427981788,0.598695278,0.301261556,0.638746035,0.518998019,0.485914463,0.317632377,0.583081442,0.497304818,0.287872672,0.2444906,0.351555669,0.5,0.301758039,0.904125071,0.312736356,0.248281145,0.364079094,0.631412137,0.816778851,0.647394288,0.563283169,0.067593843,0.807436967,0.612587857,0.331805444,0.36169256,0.430141515,0.270072412,0.409511036,0.302153254,0.340633106,0.449303746,0.319376445,0.291807795,0.508990807,0.751873517,0.61733489,0.679683661,0.675118566,0.563608748,0.3677266,0.82702024,0.215278625,0.538165504,0.363782489,0.258136606,0.440144151,0.417636359,0.643664181,0.494781352,0.837415814,0.486916603,0.638190866,0.452774355,0.525441375,0.396323991,0.170959783,0.670584893,0.461650905,0.420825785,0.59179315,0.312837887,0.599381918,0.378307271,0.688063085,0.362843251,0.670783234,0.7555969,0.295966935,0.826118374,0.947853422,0.295549273,0.768230343,0.405215263,0.585908294,0.562498504,0.324129367,0.395405638,0.733104706,0.70793047,0.600196886,0.215453672,0.292777562,0.434820837,0.409602237,0.556412596,0.825003004,0.593705058,0.494382311,0.341944897,0.191182518,0.68858937,0.408644921,0.356947875,0.207756281,0.394429195,0.708964229,0.385284376,0.576602662,0.307165253,0.576268148,0.695667768,0.53324877,0.645292687,0.269386888,0.603703415,0.536579844,0.249308753,0.757185602,0.380591547,0.383157802,0.421115625,0.71523397,0.420825785,0.371948242,0.491220847,0.471329573,0.330611992,0.73214891,0.942224646,0.59994185,0.235527754,0.311849976,0.233537698,0.816794229,0.2092031,0.252702236,0.381951654,1,0.523209642,0.2092031,0.699983084,0.830151916,0.661688757,0.29653399,0.428604704,0.559312421,0.35646261,0.666972446,0.269228816,0.420825785,0.44527992,0.685891747,0.554418772,0.346861625,0.545345396,1,0.583584994,0.266117024,0.431341231,0.547329074,0.488231555,0.2092031,1,0.476911429,0.483504908,0.289336634,0.326698232,0.28116591,0.515214539,0.328646755,0.661157942,0.804965544,0.535869679,0.788557673,0.706907678,0.433178878,0.593502909,0.362059379,0.510164636,0.512795272,0.683057106,0.215453672,0.328678,0.497105676,0.700111651,0.497373656,0.335002792,0.412319213,0.644087625,0.341944897,0.751247334,0.43218838,0.470318425,0.244954085,0.894715095,0.984743261,0.584348333,0.505885401,0.939348412,0.396929729,0.720802784
13,2011,0.242852449,0.239502335,1,0.573847562,0.189814472,0.556475884,0.317564857,0.468201268,0.512773797,0.313201964,0.308482349,0.312857985,0.261295676,0.606427193,0.861440086,0.309092915,0.436328727,0.611076295,0.780947375,0.43964994,0.690168381,0.279275703,0.663958979,0.517553802,0.469618228,0.307175577,0.583425301,0.526515085,0.250773978,0.282961249,0.33470093,0.786065698,0.287110686,0.857877827,0.284564853,0.239931583,0.409489328,0.620410967,0.781161523,0.632337594,0.570860076,0.386159083,0.756931114,0.610547221,0.355478954,0.398344791,0.443923575,0.232727838,0.378403103,0.278176475,0.331556308,0.464459351,0.272168279,0.279941392,0.50009637,0.772112131,0.637311506,0.787411404,0.653280878,0.495779093,0.377791739,0.801392746,0.221305799,0.51425764,0.379401433,0.279722118,0.423021817,0.429658478,0.631390393,0.466577572,0.777610803,0.500054121,0.650725198,0.469931239,0.519739038,0.427976918,0.111998701,0.64882828,0.461394814,0.341690803,0.586856502,0.310280776,0.578087074,0.375250578,0.698033512,0.351349187,0.654022837,0.765359068,0.310200214,0.784353542,0.86939671,0.251198053,0.740263605,0.399758518,0.512596667,0.602712452,0.300981605,0.567714113,0.748958158,0.719606137,0.560883933,0.239502335,0.308482349,0.417500871,0.437779456,0.511601445,0.8116575,0.58547405,0.757475853,0.330184329,0.201884079,0.644954288,0.423211849,0.365759933,0.23651464,0.435999572,0.708429408,0.378447902,0.578451359,0.291518235,0.50985875,0.641117179,0.548526037,0.63355372,0.287639236,0.623592758,0.641675949,0.287212658,0.722219682,0.378692222,0.386931694,0.433590347,0.734735775,0.376206017,0.310700119,0.514582545,0.484518047,0.317668498,0.675600898,0.891290903,0.553947163,0.5,0.277273846,0.232404613,0.783288717,0.287639236,0.224653792,0.413511908,1,0.505643772,0.287639236,0.65214994,0.778436327,0.650935483,0.285587406,0.379970205,0.550365239,0.351652145,0.638519311,0.265053797,0.4166686,0.462781867,0.699652421,0.535423556,0.302281809,0.592959929,1,0.556120449,0.261715651,0.438488322,0.533688971,0.477799761,0.287639236,1,0.49843472,0.476004943,0.305048537,0.306158066,0.253862381,0.595947164,0.312449181,0.902421379,0.763617039,0.532519698,0.726706743,0.704646778,0.453174186,0.592470485,0.312440372,0.471783918,0.570748359,0.691999412,0.239502335,0.310645068,0.504826696,0.695220363,0.514086293,0.308580613,0.381750548,0.619943869,0.330184329,0.718809199,0.327875388,0.46218231,0.278112602,0.88712399,0.985359287,0.556576413,0.495193686,0.942597866,0.398045242,0.689065707
14,2012,0.247223687,0.24192977,0.983712292,0.57786451,0.204615951,0.528726318,0.32734971,0.479391891,0.469041005,0.309401834,0.304842389,0.300400555,0.231886625,0.643150365,0.840947628,0.315280056,0.427126479,0.614625847,0.7758178,0.424033201,0.725990987,0.263194799,0.60762974,0.486276956,0.463948476,0.303949261,0.591613621,0.490807672,0.262806869,0.318134558,0.344738102,0.731316662,0.279191709,0.870584583,0.27739675,0.216332793,0.433779579,0.607756412,0.752692223,0.617703485,0.597937971,0.403408052,0.780362082,0.590461606,0.338182724,0.372319508,0.438550341,0.308123124,0.372974789,0.289178777,0.344875741,0.467876157,0.303882909,0.317017865,0.449526638,0.765008664,0.614061296,0.787265944,0.640439451,0.50590329,0.372706962,0.812854266,0.219846964,0.513554966,0.389011693,0.269826031,0.441341716,0.419545853,0.636090791,0.473861003,0.757402492,0.500155768,0.69305917,0.453459311,0.543449739,0.401470196,0.113118553,0.626764035,0.456983548,0.343816471,0.599922812,0.298742104,0.570023119,0.378621709,0.657618535,0.364841044,0.618652558,0.757861972,0.31178546,0.764785218,0.88681004,0.250993586,0.715780878,0.398356497,0.475898378,0.604795527,0.310311425,0.581691003,0.764688253,0.682250273,0.520715441,0.24192977,0.304842389,0.446579337,0.459278756,0.493252194,0.832962465,0.596895301,0.817391944,0.321258867,0.222160077,0.643415844,0.44516018,0.342758024,0.233616233,0.409274656,0.707700467,0.37424289,0.594091755,0.290367532,0.490701904,0.607227397,0.573034292,0.632490838,0.294719958,0.598529905,0.90686574,0.286984968,0.688734996,0.405773038,0.380687392,0.421901262,0.726798344,0.383683658,0.305737519,0.500537234,0.50104248,0.304379141,0.729626179,0.908414745,0.569755512,0.5,0.262507057,0.234506035,0.776246452,0.294719958,0.227726889,0.407584584,1,0.535886535,0.294719958,0.681472945,0.737648058,0.618088472,0.29010427,0.383005321,0.502575276,0.344945478,0.674380434,0.255280232,0.413623035,0.483531688,0.663542533,0.54612304,0.300151968,0.596137649,0.952112675,0.521664406,0.226365089,0.462536731,0.555989057,0.453083205,0.294719958,1,0.497332916,0.48413491,0.282319808,0.312977862,0.265880561,0.581538469,0.351146734,1,0.708823466,0.577291554,0.743326139,0.748171949,0.414382422,0.556966227,0.321097112,0.479144479,0.644263387,0.744106388,0.24192977,0.321723044,0.489709142,0.673793304,0.518454981,0.358166444,0.373511577,0.603747869,0.31422323,0.705426526,0.364084768,0.446528268,0.259659839,0.891206431,0.986132622,0.543459892,0.50507734,0.917178583,0.367807496,0.655732405
15,2013,0.237554741,0.243214798,1,0.578246695,0.193204093,0.481614043,0.32104156,0.486937147,0.477922972,0.314202845,0.308227324,0.293785405,0.227179885,0.582571983,0.770055509,0.311983454,0.439762127,0.652678025,0.825571775,0.465857923,0.767083549,0.273035073,0.580988824,0.498808167,0.464762148,0.305939388,0.565718687,0.551710659,0.24661417,0.285195541,0.343075025,0.846065736,0.279530597,0.930979347,0.28771565,0.219771957,0.427251494,0.608757985,0.709744835,0.606447458,0.595010024,0.411874092,0.758394361,0.551385838,0.344400024,0.364416397,0.425887072,0.296476936,0.387330568,0.283044291,0.314403224,0.520437504,0.276028752,0.308153307,0.458514261,0.740474296,0.535731342,0.82776618,0.654474425,0.497596448,0.350356913,0.781461477,0.222965503,0.510205538,0.410251176,0.279428291,0.433979452,0.402759713,0.588273233,0.487878783,0.745970345,0.509727281,0.679985523,0.475928964,0.534268343,0.414765131,0.113609433,0.63483125,0.456344575,0.340302896,0.591321349,0.315426338,0.587722319,0.371466422,0.626203072,0.340670776,0.603852928,0.745834827,0.319784856,0.74993732,0.90227809,0.242573261,0.720256948,0.400900161,0.463525125,0.621263051,0.296171618,0.580494779,0.733386183,0.68235476,0.52728723,0.243214798,0.308227324,0.444284272,0.466788882,0.48651122,0.838070679,0.595101416,0.868815303,0.329328454,0.220565677,0.622579086,0.432385141,0.307093537,0.232950377,0.381272948,0.69322933,0.348455417,0.598603523,0.288751221,0.499838286,0.631998682,0.474992526,0.64284476,0.289177036,0.583215278,0.844432425,0.291448426,0.728074479,0.401735842,0.399080908,0.545393294,0.70295229,0.374666417,0.31103965,0.54116196,0.489641681,0.308238006,0.764359879,0.917695665,0.549843174,0.5,0.27123692,0.229581618,0.72582922,0.289177036,0.209214687,0.408093959,1,0.528252184,0.289177036,0.661147952,0.716850638,0.604049373,0.305329001,0.450168821,0.58831082,0.350247312,0.64717232,0.257490706,0.415235752,0.464173386,0.647218728,0.522190323,0.302198422,0.586356825,0.938601923,0.512144567,0.224364328,0.439923459,0.534943655,0.506731781,0.289177036,1,0.477631855,0.473444155,0.276096368,0.323549664,0.274444389,0.586382228,0.334882212,1,0.717894459,0.570742166,0.76233654,0.7364748,0.4501809,0.576936048,0.312910724,0.481262781,0.680512655,0.749986506,0.243214798,0.325373137,0.53242417,0.667738128,0.655456996,0.339052355,0.371385479,0.607215798,0.329328454,0.715526485,0.330658162,0.449884546,0.267922664,0.855764699,0.97496562,0.515127619,0.509258907,0.938438129,0.412813342,0.633189952
16,2014,0.267086434,0.242681336,0.982213688,0.566646409,0.267149019,0.402802753,0.346218216,0.501024374,0.55942716,0.283863306,0.303089857,0.293561602,0.245859909,0.611981905,0.656881428,0.35974611,0.494572048,0.657425714,0.679112637,0.48429182,0.681494975,0.308705974,0.503835808,0.46404357,0.490283385,0.317220438,0.566622418,0.514058027,0.244416022,0.247698593,0.286392283,1,0.297630572,1,0.26489923,0.219469476,0.410496616,0.604516804,0.707432127,0.711850476,0.571858317,0.411810552,0.72291882,0.537382033,0.429844171,0.384516358,0.391035593,0.290730548,0.389623582,0.302001905,0.314962709,0.654046452,0.288564372,0.309644055,0.470813102,0.738107038,0.503706642,0.826235318,0.661174524,0.451375651,0.343948424,0.767877483,0.243560553,0.38936708,0.439886302,0.303089857,0.470091438,0.416930473,0.564301509,0.521361592,0.691048551,0.530280143,0.641290331,0.57482931,0.528089193,0.345086229,0.115091777,0.631112707,0.394473195,0.349973345,0.527219519,0.269354296,0.606816792,0.376177526,0.628725457,0.366019034,0.583364809,0.699582398,0.28940177,0.674997532,0.996067572,0.250605083,0.707947063,0.408366919,0.495101494,0.608005106,0.306280529,0.492796369,0.756449437,0.660923135,0.49536504,0.339626837,0.385502362,0.47828624,0.470198691,0.400261402,0.839588261,0.623089921,0.970681429,0.336709917,0.208227634,0.566092807,0.566562408,0.351572716,0.224335241,0.402546328,0.568154907,0.258766294,0.589253122,0.295330429,0.531797552,0.611447167,0.364180768,0.670783758,0.302082849,0.448723412,0.842797756,0.274900603,0.717516136,0.341619766,0.456108946,0.567200547,0.617901671,0.317220438,0.36640681,0.483781359,0.446676171,0.378251874,0.735168099,0.926055288,0.508156025,0.5,0.29097693,0.276008296,0.644919908,0.379733121,0.206414485,0.353018534,0.980255842,0.45819836,0.302082849,0.610131383,0.642764187,0.567873418,0.331411839,0.336001468,0.726948667,0.338745117,0.517725502,0.304508448,0.448591185,0.490172774,0.688723493,0.56269393,0.27561903,0.557168931,0.972616911,0.53964462,0.262745714,0.405955034,0.520807935,0.504918001,0.302082849,1,0.4631634,0.450145832,0.29217577,0.306845319,0.286917043,0.600111949,0.427673513,1,0.813776541,0.533425373,0.681277263,0.638668156,0.485158794,0.535938975,0.330560708,0.450427133,0.670332301,0.717207193,0.240134549,0.346717381,0.619423711,0.688225234,0.904166698,0.301624084,0.383516073,0.554621726,0.336709917,0.670400441,0.267149019,0.504469471,0.372790945,0.897002172,1,0.463177845,0.529277793,0.933584261,0.468757597,0.642714036
17,2015,0.253815746,0.221742344,1,0.600179553,0.250145578,0.430774188,0.348090923,0.497042924,0.550466526,0.263728547,0.299055099,0.323004031,0.271384144,0.645913112,0.887902164,0.382581079,0.502702792,0.622221482,0.742403579,0.496535562,0.714708042,0.318504703,0.5804874,0.477996697,0.491380484,0.303390193,0.553697443,0.566291618,0.272927737,0.251467538,0.305057001,0.975137806,0.291581631,0.88095293,0.245060444,0.232128191,0.413312155,0.610058928,0.666509187,0.697921491,0.605273199,0.395170069,0.713829327,0.546558294,0.326437914,0.363594902,0.371179664,0.269316483,0.389826703,0.30416218,0.360035145,0.588706315,0.28441174,0.320470035,0.452658716,0.718031955,0.528791174,0.799329138,0.675350261,0.449701762,0.375816035,0.799637485,0.291882539,0.383938265,0.478658725,0.292969179,0.495762608,0.396450412,0.593216377,0.506419867,0.577397668,0.496082286,0.603643274,0.541070485,0.546050471,0.341858304,0.111372471,0.631012046,0.386209047,0.33841939,0.527930161,0.290741086,0.593782884,0.381854391,0.634167635,0.350740457,0.623012137,0.689698672,0.318308902,0.685140347,0.952070379,0.238367105,0.718982553,0.42481606,0.480703104,0.621155715,0.286974454,0.507000057,0.748881125,0.676487589,0.487611543,0.331287885,0.383534729,0.467797175,0.542684054,0.391727591,0.840517306,0.663605142,0.939325666,0.329261839,0.208431911,0.481926377,0.561685753,0.348041201,0.212120318,0.411250556,0.53987141,0.259548712,0.568297487,0.301639628,0.565488034,0.585472578,0.415865695,0.659739816,0.316105247,0.557403213,0.837132788,0.287212276,0.733013344,0.35672313,0.471840456,0.602779019,0.627560246,0.303390193,0.300276923,0.49362077,0.448208487,0.353377438,0.71330924,0.885088563,0.517321508,0.5,0.314776134,0.267656779,0.699666917,0.391247952,0.194909334,0.34333204,0.996541595,0.422784549,0.316105247,0.579514283,0.671132493,0.584429663,0.325029528,0.328975844,0.730680943,0.316431975,0.492300396,0.300673926,0.442813134,0.462177113,0.705867028,0.49735177,0.263205218,0.625279796,0.932436657,0.523332961,0.237649441,0.367803049,0.520503353,0.503399473,0.316105247,0.976165581,0.471191487,0.448662341,0.325090957,0.309321451,0.310578716,0.59523021,0.362244046,1,0.694910514,0.546269611,0.698885858,0.676528454,0.517559773,0.55437727,0.322733128,0.442777139,0.692077446,0.798782802,0.221742344,0.315900064,0.58323887,0.660900331,0.89236002,0.29915235,0.364387524,0.574607283,0.299055099,0.69543618,0.250145578,0.486005902,0.404318213,0.932100439,1,0.452203596,0.542598587,0.93017087,0.469661027,0.623631263
18,2016,0.243160152,0.217316127,1,0.563179767,0.236931252,0.431071067,0.387050211,0.4590749,0.632452762,0.261352849,0.324278557,0.290408397,0.318072248,0.660775816,0.894144154,0.41172654,0.500405434,0.67347517,0.752387357,0.484533347,0.658685136,0.304916251,0.579567766,0.471543705,0.487875573,0.300065982,0.549773273,0.57544108,0.304678023,0.269165587,0.275340652,0.983793116,0.301087999,0.857853365,0.248788285,0.238741922,0.417377895,0.599879009,0.681511867,0.712427402,0.603853905,0.402562317,0.676491868,0.492848019,0.322756875,0.367714334,0.362927222,0.266300726,0.379149055,0.304776895,0.363727319,0.625280082,0.299512458,0.32641691,0.449578792,0.719505143,0.517071591,0.787539315,0.631382418,0.417362344,0.365218449,0.823962641,0.3001827,0.316437006,0.519071823,0.288483572,0.520982195,0.427909189,0.562658298,0.526185724,0.578774965,0.58688246,0.588538772,0.528173727,0.524319835,0.296213508,0.106987691,0.608518529,0.389808583,0.364944971,0.505212533,0.349838579,0.586662424,0.367246103,0.648757613,0.369064271,0.574590486,0.690767968,0.33043623,0.662615085,0.962717533,0.227675223,0.65890727,0.426116937,0.438463211,0.598479676,0.303411162,0.498308503,0.770958209,0.629372382,0.457792428,0.325352788,0.374733853,0.467306209,0.509936633,0.393541741,0.823794532,0.587481552,0.956665993,0.296213508,0.20441463,0.500805907,0.547293034,0.334344006,0.216103053,0.404186153,0.556481391,0.216587687,0.562514693,0.297084665,0.56071198,0.558018923,0.415801436,0.625813878,0.458450156,0.570240933,0.823446512,0.283911729,0.660923982,0.34044143,0.444673872,0.718800902,0.649393535,0.300065982,0.297362614,0.522695711,0.472635075,0.357982063,0.720661402,0.875541973,0.51775955,0.5,0.317546499,0.259985113,0.669362402,0.384184551,0.196163321,0.347989392,0.996634626,0.417713988,0.309918928,0.540345389,0.775963759,0.600954413,0.398551607,0.3621292,0.636152136,0.305189717,0.471642056,0.319953084,0.436628348,0.444560677,0.689242053,0.510979857,0.260530114,0.592965698,0.967443609,0.543651065,0.200848269,0.398794317,0.531985292,0.519858275,0.309918928,0.971472502,0.45534263,0.467583731,0.355765867,0.301912796,0.296411824,0.597743368,0.353399098,1,0.760472941,0.534470716,0.697716284,0.65555197,0.537938502,0.502100756,0.316437006,0.442729604,0.728265357,0.901812601,0.217316127,0.314867115,0.588198954,0.643064547,0.871295977,0.287483907,0.419539416,0.55451414,0.296213508,0.704920721,0.300065982,0.453281614,0.397377217,0.89527986,1,0.47196928,0.528300795,0.946924305,0.47143839,0.623987579
19,2017,0.232992458,0.21562624,1,0.576089805,0.222109699,0.424305046,0.376271725,0.466099149,0.624154234,0.256227374,0.350390995,0.320787835,0.290633488,0.649583983,0.901573849,0.414362836,0.493820892,0.685395467,0.751216149,0.433590019,0.692312741,0.302082908,0.569647461,0.510696676,0.492854854,0.299617791,0.555605751,0.594772917,0.306634462,0.267938924,0.276574016,0.990494442,0.295498323,0.901308537,0.27958746,0.24863894,0.416572893,0.546203616,0.718047357,0.719168615,0.606344807,0.395272587,0.654541528,0.49277638,0.345072317,0.378234887,0.370588744,0.261839747,0.392426908,0.299992704,0.382455707,0.647371733,0.260370207,0.326317024,0.467882305,0.683159828,0.514970773,0.784905457,0.645935202,0.443423164,0.370044923,0.835971713,0.283818173,0.376068997,0.444184482,0.264243507,0.520604968,0.422768426,0.574159223,0.4816331,0.640199375,0.516802584,0.599727851,0.534090629,0.514714511,0.298167729,0.115329432,0.630134988,0.400047743,0.360033393,0.508614763,0.334103227,0.61298362,0.361593616,0.634896243,0.338687396,0.599580681,0.652960384,0.29951303,0.68680321,0.961420536,0.230338192,0.677591205,0.438635761,0.438150513,0.590325069,0.2775666,0.494239738,0.726384425,0.575050604,0.481755605,0.323714876,0.370584667,0.422875798,0.509173093,0.420662457,0.825512409,0.566617006,0.972445154,0.302113032,0.203727317,0.514233109,0.537339702,0.34484055,0.234797359,0.407556581,0.549219984,0.213852811,0.574797493,0.173932314,0.563797873,0.56025635,0.453591782,0.65948931,0.325090349,0.550866479,0.881380177,0.250119042,0.716967821,0.342202842,0.51154886,0.685731232,0.625387251,0.299617791,0.305773926,0.550232798,0.476717931,0.374329686,0.753152728,0.899831009,0.509778844,0.5,0.315777493,0.26590426,0.62213887,0.396232045,0.180955386,0.349123549,0.981261158,0.422036606,0.325090349,0.551909167,0.737016058,0.639573312,0.396324348,0.40305295,0.600432122,0.276282597,0.499645803,0.367767751,0.436021322,0.48871955,0.628126097,0.482380849,0.264243507,0.627564979,0.895494056,0.510107365,0.176866007,0.460191861,0.507172231,0.552008688,0.325090349,0.951808453,0.462790576,0.474663737,0.318002117,0.325320041,0.303116643,0.55340516,0.3413275,1,0.757505584,0.676407194,0.650568974,0.63470583,0.525180468,0.485697731,0.34194088,0.444699115,0.704936361,0.85770278,0.251655817,0.327055693,0.612385738,0.614325857,0.874107504,0.289843941,0.441636497,0.547570097,0.322306705,0.754416418,0.299617791,0.453959242,0.359744406,0.831995368,1,0.482628924,0.555512333,0.960449743,0.47075133,0.641753864
20,2018,0.228689361,0.216474557,1,0.567138356,0.242518854,0.425896871,0.35900476,0.497821725,0.588981628,0.256644726,0.33182863,0.302079201,0.319533193,0.641351962,0.814354467,0.419529974,0.528235129,0.711857319,0.699135673,0.408744413,0.67009052,0.327420974,0.579119939,0.43038857,0.499364058,0.269505095,0.557423705,0.588084692,0.317313504,0.251728058,0.281218767,0.988570833,0.305802429,0.93667717,0.304174817,0.233289313,0.414527965,0.560004658,0.679737878,0.780833507,0.569680846,0.392418141,0.659386349,0.569256067,0.330835366,0.406107157,0.370215082,0.272213173,0.401651406,0.293603563,0.381744933,0.527523106,0.280768514,0.310749876,0.495215937,0.667223918,0.517855538,0.736009884,0.621175849,0.442439193,0.382521462,0.755923319,0.318328202,0.327553391,0.494168853,0.26622498,0.550760889,0.484051505,0.588314712,0.505103354,0.676817274,0.5148862,0.637112033,0.51847603,0.466811246,0.302904963,0.114023876,0.607670724,0.395873523,0.360101628,0.537552121,0.343288898,0.606159508,0.339438701,0.627952266,0.350564814,0.609181619,0.697402632,0.295777535,0.769586921,1,0.218722034,0.682334054,0.43152324,0.413414592,0.577766526,0.290185571,0.50905273,0.736818123,0.607773447,0.479391631,0.295265055,0.360752296,0.37258544,0.479680389,0.418374926,0.825817084,0.542342257,0.988843441,0.298621035,0.204885197,0.529054177,0.535718668,0.351791561,0.22746079,0.418525308,0.634659803,0.249337363,0.569042122,0.178396559,0.580896312,0.615883744,0.482040972,0.629641604,0.35406611,0.541745767,0.917744637,0.243204188,0.753770542,0.333263087,0.491144305,0.66491282,0.625845182,0.304765534,0.326260006,0.586476034,0.449686247,0.361699522,0.772911572,0.920364618,0.690478492,0.302166116,0.329146552,0.271764278,0.612345755,0.342475712,0.193218946,0.370456016,0.953880262,0.447819924,0.3300385,0.55408867,0.718412328,0.635443532,0.40149169,0.444444704,0.569558591,0.2741431,0.515954243,0.36728586,0.44806459,0.490623045,0.608237791,0.477919732,0.266439247,0.62448132,0.864687371,0.520294806,0.202412701,0.427094537,0.51705959,0.577537692,0.3300385,0.952060938,0.395523,0.486982913,0.351311302,0.319772577,0.311888659,0.574688762,0.362488389,1,0.796654487,0.678782499,0.659934378,0.649493086,0.50256731,0.453182149,0.326962769,0.452463725,0.67377634,0.763778687,0.216474557,0.330744588,0.614187002,0.640512455,0.873947477,0.293008637,0.415716434,0.559161448,0.33182863,0.770229173,0.304765534,0.48829825,0.311902702,0.863267255,1,0.498209775,0.545555863,0.921156216,0.482879122,0.644554734
21,2019,0.230040789,0.179559541,1,0.571704996,0.228861189,0.477766274,0.362878299,0.51828884,0.582684875,0.265562177,0.309288967,0.317650855,0.316650414,0.637182486,0.823031783,0.405244493,0.582533592,0.760477304,0.686595058,0.3842278,0.625471902,0.336752462,0.583750862,0.433522177,0.487392227,0.28698523,0.646017134,0.642757642,0.290154505,0.278240204,0.283580828,1,0.277788973,0.927654362,0.296646452,0.235009408,0.498414058,0.551337832,0.705209112,0.811843348,0.679392707,0.28704865,0.689900315,0.530939838,0.325211489,0.409541428,0.379375386,0.213341141,0.388526011,0.311222506,0.385138285,0.570229894,0.286508584,0.30087496,0.498938617,0.708868527,0.546591371,0.722838378,0.639698529,0.437862837,0.373348749,0.761014557,0.329668653,0.344465923,0.440123552,0.278231049,0.514852348,0.392053628,0.597676528,0.473117611,0.668649232,0.455055723,0.611602223,0.53124395,0.463652357,0.309288967,0.123221207,0.614718449,0.447756231,0.321490741,0.549283838,0.544435596,0.615030313,0.361060011,0.678303003,0.345568383,0.598680913,0.654160082,0.306722176,0.841384435,1,0.172139812,0.658674312,0.419122982,0.420538092,0.552393615,0.293630552,0.533697656,0.720350266,0.548354328,0.517898773,0.274233484,0.355215073,0.389758718,0.461471894,0.396737027,0.834504199,0.566286737,1,0.317346287,0.176872849,0.54352456,0.584302086,0.344037461,0.230161881,0.411306959,0.566338056,0.252295375,0.567978662,0.184126091,0.578647977,0.564139295,0.493599564,0.667380679,0.348947608,0.499128732,0.940220785,0.295083332,0.765613437,0.373124254,0.486465284,0.649848402,0.613752115,0.345341361,0.338144898,0.556035078,0.471224633,0.394070101,0.782017326,0.88403666,0.700958753,0.23461988,0.330490077,0.265887046,0.590760523,0.345431352,0.217739534,0.382493114,0.953037405,0.439276016,0.324587357,0.530472997,0.683022487,0.639474213,0.387269294,0.472393101,0.563514215,0.286753893,0.502069704,0.359979165,0.45218274,0.387659562,0.611476886,0.487152064,0.268442297,0.621178162,0.840357327,0.490690434,0.199842715,0.398355556,0.510568968,0.521283621,0.320310509,0.977329063,0.397218001,0.479701173,0.366568458,0.338514161,0.29210546,0.55491057,0.363453615,1,0.768748641,0.683912861,0.596736681,0.604174936,0.537055677,0.453272042,0.293538618,0.479833268,0.673984611,0.774345517,0.260616684,0.342308211,0.574704838,0.638243473,0.784715176,0.292224169,0.47300494,0.556963938,0.309288967,0.807355547,0.28698523,0.494900883,0.295615172,0.879057908,1,0.513190024,0.553534085,0.818779778,0.522769372,0.691949868
22,2020,0.223189354,0.176297665,1,0.604135799,0.19182384,0.483212736,0.37470634,0.492712648,0.614258873,0.266039348,0.313221335,0.33024956,0.329617798,0.645043075,0.782262969,0.381887484,0.587950641,0.810319662,0.683479702,0.405503798,0.618238258,0.330007195,0.60291456,0.646070981,0.39765135,0.297128677,0.593534917,0.584339577,0.27416079,0.275258899,0.295684481,0.933661366,0.282390547,0.935697794,0.278150845,0.26160624,0.485876259,0.558213592,0.695282567,0.80543282,0.67917465,0.278582621,0.634719896,0.55835886,0.323841166,0.347691226,0.380755818,0.201652074,0.441634315,0.315108287,0.365797722,0.563675296,0.230750775,0.311393476,0.466513312,0.67203306,0.572926623,0.741472173,0.696884966,0.420946473,0.35797596,0.847691464,0.31107496,0.350409114,0.437498039,0.284922266,0.515428314,0.40512858,0.586158621,0.474826831,0.627413046,0.450931841,0.619643009,0.538448095,0.474979848,0.2930933,0.117362571,0.58582654,0.433490491,0.312622607,0.529190716,0.481558733,0.608920825,0.378519046,0.708665872,0.327232397,0.600041771,0.672396362,0.304962528,0.833570576,1,0.221164584,0.665641487,0.411986697,0.445843768,0.564428133,0.292224836,0.552014321,0.700728226,0.585542697,0.547176525,0.283790255,0.313221335,0.38816061,0.452409995,0.364430356,0.82912159,0.573930871,0.995449972,0.325519764,0.160377693,0.50930749,0.566867602,0.32661165,0.253389883,0.407994068,0.561508745,0.269003606,0.565337592,0.324573994,0.583465111,0.591096711,0.417592287,0.67000587,0.382096565,0.480330095,0.92948885,0.309792638,0.802628446,0.341248405,0.500525571,0.732215905,0.650267994,0.374231803,0.322126353,0.547436911,0.475664872,0.370709443,0.848569131,0.871869874,0.629922485,0.229874897,0.329929054,0.250342679,0.539476827,0.312997842,0.202799916,0.425245255,0.870671153,0.454053515,0.322241271,0.557379758,0.658758974,0.647863352,0.385123229,0.413670069,0.579608297,0.294732261,0.496966386,0.365859115,0.454172912,0.382156503,0.646292949,0.493495855,0.268852568,0.632219183,0.852631116,0.504146571,0.20698514,0.372853386,0.548732418,0.504840796,0.324573994,1,0.403641433,0.416891646,0.372148561,0.358702719,0.295421386,0.523749653,0.356667638,1,0.752891612,0.684998274,0.624908972,0.603575432,0.557816333,0.464506793,0.296186638,0.464487296,0.626790345,0.737551999,0.263483334,0.346788621,0.58190158,0.65608983,0.73281188,0.289865303,0.504406546,0.587314892,0.2930933,0.803573132,0.297128677,0.51468609,0.320672274,0.909562635,1,0.518573284,0.547371686,0.841636395,0.525637817,0.716041517
