Year,4,8,12,16,20,24,660,28,32,51,533,36,40,31,44,48,50,52,112,56,84,204,60,64,68,70,72,76,96,100,854,108,116,120,124,132,136,140,148,152,156,170,174,180,178,184,188,384,191,192,196,203,208,262,212,214,218,818,222,226,232,233,231,242,246,251,254,266,270,268,276,288,300,304,308,316,320,324,624,328,332,340,344,348,352,699,360,364,368,372,376,381,388,392,839,400,398,404,296,408,410,568,414,417,418,428,422,426,430,434,440,442,446,807,450,454,458,462,466,470,584,474,478,480,484,583,498,697,496,499,504,508,104,516,520,524,528,530,554,558,562,566,570,579,512,586,585,591,598,600,604,608,616,620,636,634,638,642,643,646,882,674,678,682,686,688,690,694,702,703,705,90,706,710,728,724,144,659,662,670,729,740,748,752,757,760,490,762,834,764,626,768,776,780,788,792,795,798,800,804,784,826,842,858,860,548,862,704,850,879,887,894,716
1996,0.936339842,0.441969902,0.785666147,0.36263911,0.084549427,0.85155635,0.36263911,0.191887567,0.335787844,0.449304893,0.36263911,0.030764861,0.027432201,0.5593321,0.108299401,0.435771048,0.492439189,0.113359357,0.340387633,0.056365029,0.229942105,0.113359357,0.191887567,0.190826471,0.394671364,0.50333436,0.121515104,0.414490142,0.069003361,0.384188943,0.434317854,0.865009943,0.624710149,0.590030187,0.069447466,0.117528553,0.191887567,0.650256093,0.599630182,0.201434444,0.385443455,0.75279051,0.242216506,1,0.653138953,0.36263911,0.183431435,0.354359633,0.372022041,0.307327808,0.27057874,0.08991518,0.019929524,0.443167692,0.191887567,0.380198782,0.545306081,0.487067784,0.413428369,0.394131067,0.58506338,0.180229165,0.612439799,0.16551353,0.027009797,0.151550262,0.352894712,0.333255047,0.229715377,0.735388642,0.056365029,0.418035353,0.230986514,0.36263911,0.145573666,0.36263911,0.602756626,0.636005428,0.728438971,0.425838837,0.5424726,0.474376063,0.225489493,0.123438106,0.047982328,0.592441815,0.630766906,0.439138901,0.79429838,0.043191651,0.636148865,0.098556083,0.33616112,0.08633412,0.36263911,0.373096616,0.450314208,0.518039328,0.36263911,0.482355709,0.227507316,0.36263911,0.321601144,0.404052066,0.274430793,0.229486242,0.521311843,0.307409208,0.94171925,0.597297298,0.238411991,0.034605312,0.299225659,0.476782401,0.311053469,0.470730276,0.226727922,0.153239115,0.276170583,0.047982328,0.36263911,0.299225659,0.275194924,0.103852087,0.581993172,0.36263911,0.360158593,0.36263911,0.185044518,0.36263911,0.411927828,0.374429819,0.661305097,0.159500317,0.36263911,0.379503256,0,0.36263911,0.043874609,0.485298813,0.356378101,0.613470624,0.36263911,0.016505981,0.154819278,0.629857278,0.36263911,0.332995079,0.546315177,0.471553263,0.614222736,0.475892002,0.16515647,0.056875937,0.299225659,0.27703011,0.36263911,0.220482726,0.641745878,0.800581382,0.048930825,0.36263911,0.113359357,0.407246782,0.505823854,0.608225926,0.113359357,0.765359547,0.097207703,0.15378052,0.051174668,0.117528553,0.95849604,0.452274033,0.36263911,0.320407257,0.784561889,0.36263911,0.117528553,0.117528553,0.951247854,0.258020795,0.411717543,0.016505981,0.016505981,0.444756864,0.111317963,0.865009943,0.510962554,0.251452387,0.36263911,0.452234675,0.36263911,0.297355315,0.300098904,0.661071117,0.256019184,0.36263911,0.725930326,0.398872042,0.133751557,0.129324485,0.140250719,0.214494996,0.492319083,0.117528553,0.500710353,0.237590555,0.36263911,0.728578044,0.673460454,0.400488235,0.47302415
1998,0.905006978,0.481405907,0.781749128,0.359142282,0.092484907,0.880242784,0.359142282,0.194662612,0.388873115,0.507919585,0.359142282,0.119015424,0.108821614,0.517050487,0.114406735,0.395525387,0.442174129,0.115248646,0.334287837,0.12841392,0.224921584,0.192132757,0.194662612,0.237735607,0.413095344,0.490736443,0.143887096,0.435040567,0.108912333,0.229229042,0.384177602,0.875798481,0.643433296,0.535407078,0.145018314,0.109143645,0.194662612,0.615937706,0.652872209,0.351192241,0.447317502,0.762010778,0.232082378,1,0.696450716,0.359142282,0.155412243,0.404723042,0.343629123,0.357083312,0.309200076,0.156466504,0.036654663,0.575988072,0.194662612,0.452450764,0.395338415,0.363316323,0.338409675,0.377332439,0.577495637,0.211216517,0.501137301,0.166504711,0.027390368,0.201417436,0.347929182,0.286108196,0.206933834,0.727683515,0.07939612,0.389660962,0.185420526,0.359142282,0.144457076,0.359142282,0.509494143,0.491141983,0.777291826,0.331409632,0.57118994,0.352135606,0.200934255,0.084519935,0.049190592,0.628624028,0.748444409,0.514668287,0.704041073,0.018394418,0.611814521,0.090509294,0.339992852,0.078064059,0.359142282,0.342021234,0.315254501,0.562979624,0.359142282,0.4529692,0.243272025,0.359142282,0.256603229,0.396591801,0.40224503,0.351568126,0.528249883,0.385850618,0.753588823,0.541236657,0.262589909,0.047336583,0.29684033,0.51959103,0.314791412,0.374644928,0.367545488,0.108087852,0.262880075,0.038066702,0.359142282,0.29684033,0.279758072,0.141244875,0.453972449,0.359142282,0.271504116,0.359142282,0.279633433,0.359142282,0.289621648,0.333693186,0.693140786,0.245218298,0.359142282,0.523224441,0,0.359142282,0.062819804,0.469564497,0.429893212,0.491243311,0.359142282,0.034998799,0.166488638,0.6116395,0.359142282,0.27560264,0.383131505,0.526700127,0.47612203,0.416372969,0.170096844,0.050673691,0.29684033,0.120575708,0.359142282,0.246412802,0.603765355,0.817381595,0.056831787,0.359142282,0.115248646,0.334043658,0.581258561,0.841068324,0.115248646,0.847810539,0.149615911,0.093347578,0.079328577,0.109143645,0.841391939,0.48155849,0.359142282,0.329174319,0.692478569,0.359142282,0.280813227,0.109143645,0.867339519,0.224281765,0.360222578,0.044128921,0.034998799,0.368568314,0.143431765,0.773286351,0.450521719,0.215117803,0.359142282,0.49766469,0.359142282,0.266240917,0.299433525,0.636014603,0.314619731,0.359142282,0.607391488,0.386140764,0.162880445,0.149549254,0.160934172,0.186497025,0.513275034,0.109143645,0.479678874,0.287064359,0.359142282,0.705551189,0.627063261,0.309684586,0.525768651
2000,0.991416679,0.542428346,0.753451338,0.415446393,0.139992642,0.89591584,0.415446393,0.246872512,0.391994212,0.576797406,0.415446393,0.100444841,0.220994172,0.611401555,0.113297988,0.402281768,0.586456188,0.143956584,0.382715093,0.148637528,0.37227961,0.226996543,0.246872512,0.299638073,0.47104565,0.539705948,0.162191666,0.371369222,0.108068248,0.325763489,0.40146145,0.891095137,0.599232744,0.548293757,0.13964714,0.127661814,0.246872512,0.680053715,0.683568946,0.300505154,0.464762202,0.793971771,0.410284335,1,0.632687134,0.415446393,0.209822121,0.709083593,0.349798802,0.356982034,0.293777228,0.337070777,0.060611979,0.472527464,0.300312454,0.41170794,0.550964311,0.402910614,0.337043961,0.425157258,0.597013728,0.202874904,0.638254554,0.344599626,0.009141543,0.229682784,0.407192343,0.265204768,0.289596204,0.607412135,0.081940426,0.500382235,0.224556562,0.415446393,0.175078156,0.415446393,0.596724051,0.866197716,0.498045527,0.530743156,0.563997721,0.433984763,0.194772609,0.198963326,0.043469198,0.651040254,0.886601251,0.58688516,0.825190277,0.041195679,0.661311677,0.198749115,0.371360052,0.132462512,0.415446393,0.415285054,0.394021988,0.667591118,0.415446393,0.41848828,0.321489633,0.415446393,0.23786489,0.458687479,0.552125845,0.317210198,0.5190044,0.393002765,0.876174355,0.485547589,0.31523778,0.03634183,0.300312454,0.561014501,0.377533517,0.492643887,0.393214233,0.137073422,0.358824267,0.040879244,0.415446393,0.300312454,0.334201212,0.236831494,0.462220384,0.415446393,0.517409026,0.415446393,0.221066261,0.415446393,0.430929088,0.444961532,0.81063973,0.475452913,0.415446393,0.690525744,0,0.415446393,0.093892662,0.430548689,0.385990957,0.75914774,0.415446393,0.053387142,0.150492443,0.675801053,0.415446393,0.355740311,0.465100771,0.644641087,0.648821914,0.743283026,0.342481674,0.085533598,0.353752403,0.141983068,0.415446393,0.505702937,0.745133889,0.815012032,0.112834983,0.415446393,0.143956584,0.36198247,0.554877957,0.803241452,0.112834983,0.856625809,0.146064372,0.259226272,0.206330146,0.589248522,0.875561489,0.468668743,0.415446393,0.306336385,0.865043146,0.415446393,0.127661814,0.127661814,0.945101559,0.365781346,0.406842757,0.086673143,0.042617416,0.457514897,0.288607688,0.804613667,0.581196763,0.307976639,0.3122965,0.48493419,0.415446393,0.379433727,0.338851036,0.604321486,0.413799591,0.415446393,0.709937739,0.512274433,0.1852861,0.171082616,0.159464119,0.195690374,0.723898494,0.127661814,0.594207972,0.318784624,0.415446393,0.781271946,0.685355346,0.407444012,0.72769904
2002,0.917606666,0.496199161,0.820254746,0.424889063,0.114539065,0.806653162,0.424889063,0.232982105,0.613566331,0.487217461,0.424889063,0.136114792,0.095132652,0.713726936,0.193343894,0.356104281,0.675086189,0.159291425,0.35171681,0.11882526,0.324175294,0.226316035,0.232982105,0.257150691,0.495068995,0.464230126,0.213395073,0.345041808,0.144859232,0.311502125,0.499657799,0.978815727,0.601041209,0.58885691,0.129177186,0.248657543,0.232982105,0.844766564,0.802761133,0.160614605,0.504070578,0.896979056,0.327313164,0.90361129,0.808566625,0.424889063,0.165426847,0.889324597,0.273001684,0.361974624,0.377723118,0.171736857,0.055206125,0.500690174,0.292203582,0.395949028,0.609363578,0.524972307,0.352844393,0.551322349,0.489519405,0.199802839,0.720999002,0.310326898,0,0.200103131,0.351425095,0.326655319,0.22486666,0.713394986,0.15871762,0.464533333,0.213066716,0.424889063,0.201296856,0.424889063,0.627453664,0.769091749,0.601351804,0.5613369,0.729012449,0.486821837,0.205585433,0.119587477,0.032321011,0.717566357,0.807923389,0.612379734,0.814269673,0.059978831,0.77868746,0.221804808,0.475640178,0.139349992,0.424889063,0.536505614,0.338151702,0.712104415,0.424889063,0.380380058,0.366602263,0.424889063,0.462090621,0.573530275,0.450191598,0.196278485,0.511080357,0.436343206,0.955383328,0.448483379,0.208898534,0.027999321,0.292203582,0.676078084,0.480568117,0.424100641,0.29414117,0.16464668,0.325443651,0.037707462,0.424889063,0.292203582,0.332668427,0.154139068,0.438448895,0.424889063,0.464217187,0.424889063,0.141273959,0.424889063,0.48884449,0.379764778,0.767222091,0.389715673,0.424889063,0.841628643,0.108621489,0.424889063,0.104719649,0.446491582,0.455905161,0.818290234,0.424889063,0.035088285,0.20053539,0.822070122,0.424889063,0.341417766,0.55867171,0.719143225,0.659104716,0.632136608,0.244698939,0.076569835,0.351425095,0.224234981,0.424889063,0.312711058,0.599469825,0.825102626,0.159291425,0.424889063,0.290662989,0.42428919,0.491234804,0.548910558,0.206652141,0.591593826,0.120549706,0.197578233,0.109566317,0.532154395,1,0.486296505,0.424889063,0.317435716,0.613087107,0.424889063,0.338225967,0.338225967,0.871237643,0.305946222,0.394337771,0.067024769,0.05089869,0.357505961,0.255875183,0.662896407,0.485992469,0.301704929,0.542695612,0.411701915,0.424889063,0.447569994,0.38822295,0.620627145,0.408186163,0.424889063,0.768343701,0.496840811,0.198585595,0.260500052,0.355290222,0.222354329,0.681771983,0.144297518,0.743521461,0.339800663,0.424889063,0.825197049,0.740985914,0.492380755,0.793322551
2003,0.911341694,0.468329996,0.807170577,0.39590339,0.052329501,0.631960388,0.39590339,0.19290098,0.480083611,0.3402748,0.39590339,0.189803453,0.169963395,0.618387975,0.201952442,0.282572371,0.657491931,0.180402159,0.233325238,0.194290309,0.281934991,0.236646885,0.195824318,0.180402159,0.591534075,0.4908169,0.136622845,0.394502649,0.127312749,0.355059879,0.380220209,0.922298314,0.548936226,0.496703899,0.148693931,0.180402159,0.195824318,0.75672918,0.717751382,0.216897507,0.528096481,0.952772279,0.553663488,0.871523804,0.669983888,0.39590339,0.255795263,0.818757441,0.264887068,0.32171112,0.271296751,0.187913686,0.113347492,0.609908228,0.238189058,0.494224188,0.621225401,0.546028824,0.438029059,0.369350858,0.56462015,0.185973372,0.726242718,0.289726553,0,0.353275484,0.322042185,0.325808208,0.319913116,0.700484412,0.260288284,0.389155156,0.283486019,0.39590339,0.188193721,0.39590339,0.577680579,0.580902991,0.511776743,0.498298072,0.704325788,0.484885478,0.173437256,0.13029449,0.039993071,0.749748327,0.88714685,0.578967821,0.95706184,0.079369933,0.752154174,0.294497499,0.485804368,0.154914174,0.39590339,0.413165146,0.312286797,0.692074433,0.122398983,0.343442171,0.337648146,0.39590339,0.326955559,0.653613763,0.684901261,0.160818163,0.503645429,0.372511148,0.902318944,0.367671261,0.149575875,0.057811026,0.13271535,0.627721626,0.25010006,0.386293076,0.28191308,0.153862333,0.335366776,0.032793899,0.122398983,0.195824318,0.381885272,0.158998248,0.423227434,0.248974131,0.426798848,0.122398983,0.169879439,0.39590339,0.49096534,0.338163366,0.666699451,0.283866541,0.122398983,0.839513747,0.123231023,0.39590339,0.117039687,0.481985666,0.385896357,0.77911476,0.39590339,0.113169711,0.147017101,0.759094349,0.122398983,0.378564225,0.527110368,0.571521604,0.668299174,0.761516746,0.260320505,0.09315053,0.322042185,0.11765475,0.39590339,0.320717374,0.675351514,0.656778877,0.097617565,0.122398983,0.335014645,0.362750483,0.454529563,0.532420765,0.244438489,0.649280337,0.189958938,0.173688733,0.117641778,0.312261719,1,0.46901505,0.39590339,0.406449946,0.591389689,0.122398983,0.122398983,0.21733033,0.859478271,0.282583596,0.380302727,0.08098752,0.103397954,0.380705123,0.246448123,0.653613763,0.59630291,0.429476221,0.463087311,0.439701324,0.248974131,0.454511715,0.320984556,0.575764504,0.383467822,0.122398983,0.761995573,0.481100422,0.162548364,0.331912659,0.37683925,0.228860901,0.700692388,0.21733033,0.697607819,0.366105494,0.39590339,0.700695826,0.743054821,0.344846252,0.651145572
2004,0.815744972,0.426705484,0.620650968,0.183841003,0.045567596,0.558847192,0.173167282,0.111340067,0.464525916,0.361820883,0.130472382,0.14241801,0.110325322,0.558495081,0.151880894,0.272355558,0.621013259,0.109327438,0.303893412,0.189566196,0.253826036,0.282261388,0.151111146,0.093458217,0.47925751,0.334129414,0.146650286,0.394906061,0.052214433,0.336740251,0.354622107,0.863152456,0.422618109,0.412544324,0.154846007,0.121157471,0.079784125,0.634247393,0.658178302,0.193316712,0.418751873,0.810170683,0.371435282,0.834875984,0.585316005,0.33747981,0.205618151,0.778405872,0.194574056,0.263517919,0.258351571,0.201228467,0.111481795,0.409254451,0.140345939,0.409103386,0.513038189,0.508616064,0.351785245,0.350340773,0.470615486,0.190931239,0.610645105,0.256478386,0,0.265425779,0.301251974,0.25254552,0.302989536,0.517686811,0.204209867,0.329155219,0.235494482,0.33747981,0.154285002,0.205188447,0.505964477,0.552915279,0.416412273,0.453157258,0.751167534,0.419169759,0.09878915,0.164878387,0.034037556,0.603858377,0.734953031,0.496392057,1,0.093328333,0.613027748,0.281179621,0.409386464,0.123252262,0.33747981,0.386379276,0.322851141,0.563869217,0.096607132,0.291033544,0.248245942,0.33747981,0.265705046,0.584069077,0.464781489,0.208908187,0.486291369,0.262994489,0.622204717,0.263497093,0.178020526,0.063403386,0.055756329,0.515084711,0.286589367,0.311786539,0.265111446,0.23285747,0.243068396,0.062938721,0.102587762,0.075668114,0.371848875,0.134454933,0.382024297,0.128515285,0.383510593,0.10624164,0.176333801,0.33747981,0.402538605,0.336985815,0.542908622,0.199079932,0.102587762,0.785104455,0.125634532,0.194514713,0.024915287,0.408562128,0.442913799,0.702813266,0.33747981,0.088038146,0.105144387,0.667227994,0.102587762,0.319818567,0.452141011,0.455204164,0.551320933,0.692799979,0.305622394,0.135280213,0.221083404,0.103486128,0.247883353,0.325185818,0.652691836,0.584736105,0.096273246,0.102587762,0.218316731,0.473977205,0.331497609,0.443510757,0.200673297,0.444399676,0.109461817,0.214020344,0.112350391,0.333664588,0.937439834,0.364840717,0.33747981,0.355819572,0.548173086,0.053315088,0.083544449,0.123442433,0.660441216,0.27473213,0.338584353,0.05360443,0.081662797,0.397127236,0.210034615,0.609852042,0.47722678,0.486704314,0.370543706,0.403227812,0.167189756,0.351630731,0.306527279,0.511236949,0.361649525,0.073050433,0.609300274,0.435774736,0.177303851,0.307783884,0.385666738,0.214372157,0.640701179,0.207532032,0.627501732,0.306258832,0.162493547,0.573431918,0.660858083,0.297993268,0.588986892
2005,0.851677708,0.488459221,0.583241281,0.197282302,0.049046951,0.576814571,0.093348352,0.177803993,0.380368319,0.38635314,0.050173428,0.16313334,0.113921642,0.632551438,0.152652114,0.36797214,0.803558818,0.111531382,0.287675708,0.185825945,0.346994199,0.266886151,0.180208236,0.072577561,0.596754197,0.487126922,0.123662465,0.432098824,0.088546871,0.336637525,0.385730697,0.724814957,0.462685584,0.413205122,0.177973626,0.195654456,0.093348352,0.702821832,0.70606102,0.174482058,0.487216245,0.848233708,0.471803673,0.865980783,0.641684084,0.370666956,0.205741274,0.896531438,0.27008065,0.272147246,0.25074783,0.153247997,0.121053853,0.559572963,0.177267515,0.430764981,0.555172203,0.517037392,0.378356641,0.461894145,0.555381472,0.230402998,0.763372944,0.281379723,0,0.277391251,0.322490477,0.294945711,0.323720131,0.545835092,0.163903909,0.331571366,0.252910796,0.370666956,0.274818268,0.197282302,0.56534689,0.639323229,0.501813759,0.476479995,0.790857048,0.516088066,0.060099459,0.137697959,0.035099451,0.605883894,0.723291595,0.552944751,0.995961197,0.068747058,0.660464686,0.256824987,0.439867862,0.130024439,0.370666956,0.401734519,0.326779552,0.660961333,0.049046951,0.366422905,0.258103736,0.370666956,0.312392539,0.643609345,0.485149462,0.181556109,0.603395921,0.371681081,0.686947714,0.266432871,0.19015045,0.061204726,0.072074129,0.639719118,0.375661934,0.346394552,0.239489224,0.182178269,0.329861608,0.05010022,0.122801271,0.093348352,0.424202515,0.131948343,0.474708385,0.107571962,0.46470583,0.131879426,0.166669209,0.370666956,0.499796656,0.341736163,0.580466262,0.225435386,0.122801271,0.858386064,0.140972671,0.179698187,0.079427959,0.449341332,0.484098277,0.757902151,0.370666956,0.069621376,0.151007684,0.777998341,0.122801271,0.407337002,0.585822702,0.521898929,0.597165011,0.645324672,0.286674003,0.134309142,0.266558064,0.132122891,0.259886395,0.351026209,0.665308918,0.603457611,0.107693569,0.122801271,0.236938828,0.427264203,0.418154999,0.548388368,0.153906581,0.481981205,0.102053378,0.162697233,0.117087262,0.374769406,1,0.408434849,0.370666956,0.325325192,0.638904331,0.072162733,0.137777176,0.103584715,0.829654153,0.317163802,0.46253869,0.06848064,0.092494136,0.478196914,0.215066022,0.694384692,0.506060059,0.572586393,0.535682334,0.706620216,0.213041623,0.398495876,0.365136181,0.51038498,0.354129819,0.049046951,0.69993797,0.43710162,0.167239411,0.341229113,0.384290266,0.189821429,0.82574316,0.049046951,0.659972967,0.258731994,0.266048008,0.698115018,0.704369284,0.346267306,0.666323533
2006,0.860000925,0.46427367,0.607070802,0.184180922,0.035196897,0.472048258,0.090917821,0.162133091,0.346133641,0.407537432,0.045186806,0.130794042,0.098279248,0.599610977,0.159564837,0.431493284,0.694636126,0.135540287,0.312924302,0.148705725,0.328455517,0.220470119,0.167723987,0.054974961,0.532302712,0.448950434,0.112024916,0.414902927,0.087068373,0.255467857,0.310760892,0.676503961,0.427170108,0.403501761,0.10761256,0.124342177,0.090917821,0.774581041,0.770135913,0.204965928,0.471534894,0.786141861,0.429953742,0.866633766,0.560394906,0.346839564,0.176353251,0.777756624,0.217656956,0.237223317,0.222146409,0.103352717,0.10476354,0.406894976,0.136150522,0.371908245,0.544125143,0.540622941,0.385409977,0.308580034,0.554738025,0.17669492,0.748565851,0.3556573,0,0.208901093,0.335992157,0.29598201,0.354770744,0.569653007,0.10969386,0.344984015,0.200792106,0.346839564,0.256917538,0.184180922,0.516833345,0.787495291,0.461236817,0.516633119,0.668789533,0.501538455,0.071805332,0.118921626,0.010908353,0.592578813,0.674201574,0.587695062,1,0.071469653,0.637865064,0.223977664,0.420502932,0.083794226,0.346839564,0.523166005,0.298737171,0.606777203,0.035196897,0.35287172,0.249004591,0.346839564,0.251870292,0.667034576,0.366610793,0.153098087,0.764381335,0.375917042,0.654008544,0.264176751,0.145766789,0.023197345,0.121993028,0.517316636,0.304450911,0.319287821,0.280370195,0.171722162,0.251303246,0.062576643,0.107391169,0.090917821,0.291708846,0.166551464,0.494236803,0.085659946,0.432643459,0.114552962,0.197389652,0.337009075,0.453379507,0.226825375,0.543787495,0.165955288,0.107391169,0.784483595,0.138250425,0.090917821,0.056816777,0.408664577,0.399394588,0.816763367,0.346839564,0.057290843,0.152634583,0.81486325,0.107391169,0.362555208,0.548397406,0.525814922,0.541019359,0.725784436,0.265138377,0.126689357,0.259185976,0.13284374,0.184180922,0.312678528,0.556556419,0.504420521,0.093211561,0.107391169,0.26687367,0.467802558,0.407849248,0.471499877,0.135682997,0.416649546,0.058006815,0.166202346,0.096240854,0.331264534,0.981807001,0.33570519,0.346839564,0.38155195,0.675302026,0.06722895,0.14777705,0.101749559,0.841101207,0.350426552,0.409861658,0.047695575,0.053602336,0.410936677,0.190872808,0.66716751,0.429024654,0.607984233,0.614323971,0.469041093,0.238606208,0.401699588,0.298158556,0.483061179,0.403820235,0.035196897,0.610246275,0.355116198,0.133485232,0.1922467,0.232729616,0.139060734,0.759109884,0.035196897,0.636221725,0.253559464,0.228110769,0.74739644,0.657699282,0.263095398,0.562370564
2007,0.827234828,0.358838977,0.559394532,0.110318409,0.031233987,0.457045742,0.085106002,0.145477968,0.294737795,0.283791047,0.042582547,0.118628397,0.043306313,0.448459143,0.160810155,0.368169912,0.64250972,0.094113095,0.243453333,0.154990702,0.274461662,0.233781065,0.151938395,0.195046388,0.496147026,0.449532955,0.091763003,0.39146035,0.08087106,0.239689168,0.250422834,0.607558017,0.392739849,0.38468645,0.102060568,0.129612822,0.085106002,0.709254019,0.711661685,0.229317979,0.421563837,0.698367034,0.547887696,0.777559558,0.47912444,0.315715331,0.19190829,0.705746664,0.187395245,0.219938017,0.201732379,0.100326001,0.078546036,0.341644673,0.148508407,0.332171255,0.488538115,0.432715518,0.317056265,0.261401706,0.538040145,0.181207622,0.698395062,0.302591912,0,0.196115596,0.303817673,0.251355457,0.305581795,0.452534455,0.104364748,0.330948099,0.204483613,0.315715331,0.23415927,0.224096237,0.475345672,0.825025381,0.413321433,0.434237523,0.595493785,0.408374841,0.081527565,0.157166834,0.000647601,0.560126748,0.569566477,0.513157711,0.903109236,0.058008429,0.580923056,0.220724651,0.369727878,0.10138633,0.315715331,0.379310713,0.178334689,0.592111366,0.031233987,0.201769804,0.195553268,0.315715331,0.184068667,0.525677219,0.353015495,0.196413949,0.764889438,0.398606435,0.579682544,0.157266652,0.1422911,0.001045607,0.218770788,0.406068498,0.296690234,0.298214168,0.274597121,0.298076558,0.266708762,0.046503718,0.085636862,0.085106002,0.374778803,0.129235849,0.470289688,0.071827667,0.318942489,0.096077071,0.173878078,0.292892303,0.421825713,0.239831539,0.54159655,0.099602361,0.085636862,0.715337511,0.150515259,0.085106002,0.051922458,0.34106943,0.412995008,0.742514943,0.315715331,0.072661218,0.116456755,0.83133297,0.085636862,0.328591768,0.474285912,0.472332523,0.479756383,0.6558454,0.17084014,0.141327439,0.228455318,0.113663263,0.167207329,0.27361976,0.498489947,0.391747433,0.102632332,0.085636862,0.232122443,0.414748578,0.367467333,0.441135392,0.14854033,0.328623377,0.066569556,0.095915506,0.082775716,0.266893751,1,0.269915757,0.315715331,0.37414354,0.68669112,0.145477968,0.184611062,0.148488221,0.816441261,0.319380322,0.305524727,0.045974654,0.053829467,0.387479303,0.198470925,0.475068884,0.397547965,0.551559778,0.549481921,0.388034998,0.255953433,0.355521935,0.281876759,0.489196934,0.257099319,0.031233987,0.509899293,0.278977113,0.108741587,0.193618699,0.235986351,0.138424757,0.604445708,0.054350538,0.576207238,0.262219157,0.212676324,0.736096432,0.653433586,0.23859928,0.551035723
2008,0.876888847,0.321965868,0.543790508,0.110189292,0.036418354,0.391255139,0.082660095,0.145713099,0.333316806,0.31748968,0.040304286,0.116145674,0.036117796,0.38511334,0.153869864,0.365068539,0.629741091,0.092125046,0.207355716,0.185916702,0.276318971,0.237379269,0.149290652,0.165188378,0.460659443,0.428280621,0.100214158,0.380757867,0.08040064,0.238205541,0.290464332,0.65732946,0.378226924,0.430477086,0.098159528,0.145804343,0.082660095,0.699941229,0.72588842,0.225152913,0.418037463,0.701717638,0.546577704,0.734069834,0.465773411,0.31553567,0.240358038,0.692488153,0.196244003,0.206046472,0.182069135,0.096491388,0.093267011,0.259098893,0.124583571,0.323256544,0.467618803,0.422050245,0.3070691,0.272922541,0.463960838,0.196444723,0.676508385,0.329616132,0.01386813,0.201674211,0.300632836,0.260525957,0.301949718,0.507511576,0.118192557,0.321300266,0.259189447,0.31553567,0.235014001,0.223328806,0.464605206,0.753276168,0.463476262,0.447760564,0.604528082,0.426029797,0.079764654,0.159009363,0.06195918,0.546611879,0.536360016,0.511866427,0.830601341,0.068033184,0.591175681,0.200948012,0.37921098,0.12897547,0.31553567,0.392572547,0.185355134,0.605956452,0.036418354,0.206825549,0.22750975,0.105332691,0.210877604,0.434374149,0.311974749,0.27284808,0.70691014,0.358501594,0.583661642,0.146898105,0.159833298,0,0.215921215,0.377304166,0.413609649,0.328509338,0.29293424,0.349790893,0.271643869,0.050001198,0.105332691,0.191646447,0.44952476,0.129881806,0.483237001,0.071977368,0.372067627,0.101297499,0.202680248,0.155901674,0.434597541,0.235935453,0.543521762,0.065113468,0.105332691,0.698281522,0.13505257,0.082660095,0.072928536,0.361833693,0.454997636,0.703745605,0.31553567,0.047396341,0.123117433,0.852348238,0.105332691,0.335787846,0.44351147,0.466739254,0.501376436,0.686570845,0.125568803,0.109300205,0.259679532,0.082926602,0.223328806,0.277987937,0.471887422,0.38312265,0.086587763,0.105332691,0.278892479,0.385884345,0.346351901,0.429005364,0.158953774,0.365207455,0.034787747,0.090038952,0.076021588,0.272360125,1,0.305159091,0.31553567,0.394997776,0.690440014,0.123455623,0.181881498,0.148495271,0.834070388,0.295018197,0.332081397,0.079772464,0.060308974,0.385728396,0.140058368,0.48872444,0.363114122,0.580813658,0.48258603,0.350905411,0.256316708,0.339711946,0.294190269,0.487369071,0.204422743,0.036418354,0.498361919,0.306686767,0.170130329,0.212320612,0.193431959,0.138966273,0.567805316,0.06846743,0.589076379,0.281186718,0.209727519,0.732456538,0.735140091,0.217505758,0.568818566
2009,0.876307925,0.328458227,0.565025661,0.12494673,0.052901217,0.390487052,0.140463193,0.171016349,0.366897283,0.272383583,0.088621398,0.143420014,0.074634186,0.375838591,0.142421324,0.347189424,0.636424376,0.103737699,0.218777252,0.150768658,0.313447329,0.236333898,0.176661099,0.154049056,0.423388708,0.456077649,0.123476998,0.285011127,0.034168405,0.246540265,0.311988477,0.580555957,0.434705778,0.416613478,0.087750635,0.150946911,0.094385861,0.710486084,0.674135154,0.195270782,0.411453461,0.695409544,0.476640249,0.730362528,0.370410634,0.084060429,0.198581871,0.590451431,0.193554611,0.245807518,0.239234474,0.133279128,0.113650997,0.217715639,0.182318839,0.319454748,0.457426933,0.443843481,0.320436095,0.242504142,0.459045023,0.202963545,0.656157836,0.37547076,0.019342137,0.214059196,0.256799187,0.290062684,0.293611423,0.517683502,0.142425585,0.313014989,0.361830598,0.007320084,0.238945462,0.236668767,0.509627843,0.753778335,0.456050742,0.448676561,0.515595705,0.382447815,0.120722853,0.209145945,0.074582476,0.597215074,0.473487644,0.640130961,0.765991826,0.102167316,0.653178,0.24764792,0.39350305,0.118764317,0.319164885,0.391929845,0.159620209,0.611931116,0.031061939,0.324818923,0.235046858,0.231873392,0.246708615,0.447524175,0.351767485,0.247596828,0.639909359,0.252211409,0.535040465,0.148023914,0.189524657,0.021248584,0.19480738,0.380624766,0.469681116,0.3082302,0.327869294,0.366631816,0.334685948,0.062644083,0.035005257,0.236668767,0.500666434,0.174088464,0.4599548,0.054632458,0.439433896,0.11969777,0.193622492,0.151517186,0.400851982,0.190556351,0.584976095,0.128532745,0.035005257,0.651871207,0.125093828,0.140463193,0.099286761,0.381931326,0.55542426,0.728920758,0.084060429,0.05721605,0.149387178,0.862366864,0.035005257,0.306085788,0.481893799,0.500340152,0.561494011,0.673983502,0.126498089,0.157397347,0.287248796,0.067852204,0.236668767,0.245182406,0.518070442,0.423130564,0.122561602,0.035005257,0.28917706,0.420041072,0.361125933,0.4172541,0.196156088,0.378421565,0.076925442,0.130405906,0.127170681,0.275132168,1,0.342434776,0.319164885,0.416471062,0.594829799,0.094905136,0.178058836,0.169219895,0.863000551,0.289134385,0.322152071,0.096227083,0.050614342,0.423285595,0.202409112,0.529887873,0.300854911,0.611793297,0.435702288,0.353058329,0.275132168,0.348182035,0.306477376,0.531088871,0.219938556,0.031061939,0.522995262,0.381166363,0.130038908,0.294193569,0.227064453,0.156846072,0.514208018,0.066417754,0.581237975,0.263360075,0.348390805,0.738800537,0.797097273,0.202441467,0.55887886
2010,0.884464064,0.384551433,0.608137303,0.152015943,0.076824891,0.391816548,0.056831999,0.15497801,0.362214503,0.329415605,0.113972793,0.158357182,0.103127112,0.394405353,0.136408152,0.447780617,0.642981498,0.12239182,0.364348477,0.174732991,0.329714514,0.289759417,0.153546165,0.189059216,0.431435064,0.489708287,0.136927902,0.341638659,0.076976718,0.269066919,0.36909015,0.684891609,0.449352595,0.498761826,0.1484207,0.168383429,0.103757381,0.767523875,0.6637174,0.202169531,0.482030697,0.666304642,0.462324249,0.8043979,0.410708978,0.067593843,0.199671155,0.676084318,0.217064488,0.271327858,0.249730566,0.137341638,0.126511356,0.291388096,0.155371965,0.353872293,0.467293744,0.532564388,0.332140193,0.295021349,0.527785356,0.205987971,0.686805653,0.384414214,0.046395773,0.201859026,0.304313884,0.281799252,0.330763618,0.494856914,0.177624785,0.338996935,0.37109379,0,0.235925532,0.261575563,0.523039221,0.697688399,0.4891271,0.440555032,0.5413365,0.448499435,0.148526989,0.200875772,0.130428173,0.612035176,0.523246856,0.685861523,0.813301484,0.130865407,0.625260664,0.245233479,0.434394392,0.160347625,0.344460147,0.40988754,0.234964142,0.588488922,0.046579023,0.406552147,0.276226469,0.563217141,0.249826041,0.562134936,0.403516426,0.233941939,0.684693883,0.248823862,0.442556539,0.338579194,0.194704119,0.038520906,0.224368564,0.453023452,0.549297563,0.335269573,0.314446127,0.379267066,0.382754245,0.082020666,0.10303973,0.261575563,0.569780703,0.210407454,0.496561737,0.091262222,0.424302477,0.142588516,0.219455813,0.222142331,0.424652666,0.261878985,0.61369833,0.167134048,0.040035528,0.676100417,0.14749278,0.143487471,0.085573179,0.449085607,0.587488334,0.807408924,0.067593843,0.065510526,0.220879659,0.904727414,0.040035528,0.36875747,0.513726182,0.519257483,0.55381511,0.69008409,0.131459036,0.194196113,0.269719028,0.10287425,0.261575563,0.2871757,0.539063406,0.401429166,0.184145193,0.040035528,0.320289567,0.39193058,0.431962214,0.432761326,0.165076714,0.39400722,0.09961663,0.123924388,0.163036876,0.272583797,1,0.350621357,0.344460147,0.411049814,0.541887448,0.12752657,0.178998051,0.178998051,0.902496463,0.327192039,0.36038769,0.115370756,0.080944901,0.513170491,0.165109423,0.561064213,0.341430185,0.646540601,0.442344916,0.382010799,0.200055165,0.355101132,0.357855049,0.536095923,0.274507562,0.046579023,0.553949702,0.341710724,0.176593959,0.258236669,0.252670344,0.171730616,0.495300201,0.077461924,0.607481775,0.313387593,0.273470646,0.757672916,0.851920105,0.236559657,0.575610491
2011,0.884195086,0.442366822,0.656979237,0.200247957,0.126898251,0.45965602,0.077446305,0.195550751,0.35451133,0.398872231,0.13023246,0.199905612,0.148588119,0.492080964,0.166482777,0.575424552,0.665772531,0.138116377,0.403629541,0.196158418,0.355921563,0.322790119,0.194250183,0.221644847,0.469188285,0.549339591,0.17428056,0.412548275,0.170150825,0.326095563,0.496707993,0.745883066,0.446753942,0.517868344,0.171746814,0.242324218,0.120155919,0.74233772,0.648524479,0.296078152,0.505998344,0.641870298,0.49618143,0.826655512,0.456682718,0.386159083,0.284986529,0.665985662,0.262001967,0.330348907,0.265139524,0.165388768,0.167145305,0.35078718,0.159409099,0.386254996,0.52281864,0.672205869,0.364064251,0.356233088,0.53871219,0.264531062,0.686120828,0.400349028,0.108788112,0.266133114,0.347737193,0.30954639,0.386212948,0.51692564,0.218515156,0.352895344,0.405804401,0,0.314477965,0.228601532,0.534280732,0.662451801,0.536168644,0.472603194,0.58325234,0.463875403,0.197340639,0.238214059,0.138538439,0.650258237,0.539450626,0.669162526,0.753801912,0.19726046,0.625281926,0.286393544,0.398695942,0.18808562,0.091444789,0.488383861,0.453551692,0.633935198,0.126898251,0.436285191,0.304051658,0.593598877,0.324233961,0.604722539,0.397705445,0.322462527,0.696336846,0.309735519,0.471227306,0.642412451,0.252556383,0.123924742,0.26518411,0.509165028,0.526606244,0.400672391,0.370750638,0.43445472,0.527162361,0.174382048,0.174806601,0.262952869,0.619780342,0.197757991,0.519078695,0.166927073,0.395971024,0.178667182,0.26542727,0.273627621,0.464237959,0.320064741,0.607323675,0.204693284,0.174806601,0.668102757,0.164490424,0.146149003,0.112120209,0.439850107,0.560926235,0.775592152,0.386159083,0.11983423,0.300081634,0.945497789,0.174806601,0.391776059,0.536377931,0.52402071,0.537586621,0.663273405,0.172764512,0.238515579,0.266699185,0.152328396,0.303223338,0.349117661,0.584863563,0.42141445,0.189379651,0.174806601,0.384601235,0.478677642,0.442013075,0.442466874,0.199498749,0.419688101,0.149006099,0.192133243,0.193237503,0.324939461,1,0.38137559,0.670866552,0.381958217,0.530425134,0.195550751,0.21714969,0.21714969,0.888346795,0.362277954,0.481650694,0.141190117,0.127325462,0.786669781,0.197703201,0.589834206,0.390962862,0.611789432,0.478190522,0.418524379,0.199489981,0.35807697,0.456571532,0.577246889,0.339555596,0.126898251,0.580452548,0.400178495,0.204590136,0.316151541,0.268471075,0.195648549,0.505533464,0.165325199,0.603929385,0.348520951,0.214851712,0.771445024,0.869213903,0.284688403,0.574327113
2012,0.907783319,0.433361487,0.679737221,0.20466801,0.134313708,0.484598738,0.095405937,0.199913797,0.381919616,0.371126566,0.139833769,0.195282219,0.123841546,0.552673442,0.156487127,0.639052807,0.691008096,0.156082625,0.389098794,0.210797335,0.365816498,0.327421557,0.198982517,0.241513755,0.498935176,0.515635465,0.173167384,0.393823051,0.213773775,0.324196141,0.522930428,0.758920107,0.425008404,0.526139535,0.17129575,0.234678347,0.203334677,0.789823079,0.621151933,0.334358861,0.515767548,0.695746498,0.497733951,0.838407458,0.505529688,0.403408052,0.270273369,0.666894652,0.276844785,0.339333418,0.270956643,0.183581075,0.212609379,0.369911959,0.19891333,0.350778594,0.52234176,0.702945277,0.354487089,0.354879261,0.549846724,0.270677374,0.729626668,0.417542052,0.111287581,0.287678603,0.358554045,0.342244033,0.403570474,0.5453123,0.241657274,0.376152462,0.448713854,0,0.300669302,0.240552754,0.535587129,0.671806132,0.604714226,0.507599316,0.567759655,0.476422383,0.193552923,0.262475444,0.143764708,0.67228524,0.52712915,0.67950423,0.806741647,0.207153458,0.628406548,0.297422594,0.378276869,0.205616456,0.095570313,0.512680181,0.488588689,0.679403124,0.134313708,0.406093337,0.347705392,0.619980962,0.360947299,0.5934436,0.396371996,0.308807148,0.750593839,0.346225613,0.504442477,0.734358184,0.239449093,0.125645038,0.272278913,0.506146907,0.515215934,0.403968235,0.404495064,0.479562186,0.827654076,0.181293552,0.189358962,0.282122967,0.639894652,0.200847165,0.541558566,0.163401628,0.393712765,0.18482061,0.30515595,0.278998708,0.501519171,0.321973131,0.600205334,0.199430761,0.189358962,0.69145506,0.155770006,0.178546387,0.119504116,0.476143345,0.642843285,0.829269251,0.403408052,0.12657285,0.307044881,0.961679752,0.189358962,0.44082757,0.526540967,0.58523758,0.592633066,0.651207839,0.184546103,0.24172999,0.281415654,0.14823447,0.31334128,0.386236255,0.573936712,0.451501352,0.195023013,0.189358962,0.400627037,0.50365246,0.425997907,0.448724442,0.248196147,0.461788821,0.118084144,0.176429108,0.208396798,0.364344446,1,0.408702283,0.644605981,0.409563515,0.552950261,0.199913797,0.217031546,0.209695364,0.874833846,0.386865244,0.488429639,0.159287618,0.107623294,0.962778827,0.217515551,0.662181284,0.392677594,0.657128474,0.462807733,0.484001307,0.216862881,0.381661636,0.553834009,0.657942053,0.314133106,0.134313708,0.58462537,0.422651383,0.223382575,0.319517106,0.27151636,0.255515722,0.511587769,0.152801162,0.617609884,0.347652141,0.261686862,0.811325841,0.91030704,0.265568615,0.565792955
2013,0.948975518,0.39227553,0.668208332,0.213823102,0.138153197,0.495281372,0.084844147,0.207453479,0.397949708,0.388341023,0.132119843,0.192059075,0.121060737,0.499891926,0.169940201,0.696572539,0.758918225,0.141776767,0.410603654,0.211457336,0.374312207,0.347663365,0.205014647,0.244599482,0.481927107,0.498204353,0.176864123,0.466995212,0.182902686,0.375480251,0.574621654,0.699740507,0.44096099,0.525342054,0.185589002,0.246011868,0.19492812,0.871277718,0.644139292,0.334327621,0.527804966,0.687310274,0.466648968,0.879228427,0.51315029,0.411874092,0.267348375,0.635452178,0.27486337,0.332873212,0.2917738,0.180609554,0.20737458,0.433659506,0.173131322,0.367652254,0.449962015,0.761257357,0.419049852,0.386215504,0.576536532,0.25236163,0.711898731,0.422752713,0.116568404,0.316206086,0.365339471,0.341499306,0.422242914,0.505969189,0.214036696,0.398953447,0.448402527,0,0.321017748,0.241644523,0.555597835,0.67406686,0.603730158,0.509218336,0.546400605,0.505381941,0.215127287,0.242036666,0.137469349,0.673922405,0.522576407,0.678295468,0.840683533,0.219773261,0.646657595,0.306238345,0.372993599,0.194602665,0.095273971,0.541134776,0.497677724,0.660652738,0.138153197,0.506009254,0.352483758,0.61784743,0.376472609,0.606255652,0.39749569,0.285316663,0.772241466,0.339799846,0.513247709,0.805013783,0.206244915,0.127211809,0.250334725,0.500577648,0.552578452,0.455750797,0.400832614,0.385217306,0.779022787,0.189567966,0.187146771,0.278274413,0.628211646,0.210451285,0.564139859,0.17675507,0.411701712,0.186692872,0.307129142,0.304299107,0.516980789,0.460261199,0.654990713,0.207464864,0.187146771,0.652597373,0.168023455,0.267671251,0.101910685,0.465004561,0.693669236,0.85711794,0.411874092,0.123620871,0.313906594,0.966873484,0.187146771,0.441989586,0.522785808,0.568752833,0.583650197,0.643026629,0.204364003,0.2522448,0.358756409,0.153370641,0.321519408,0.373684613,0.568802302,0.435527929,0.201026954,0.187146771,0.388030706,0.503926388,0.424819627,0.427999419,0.235866329,0.449122378,0.118059486,0.173203397,0.223786369,0.347835337,1,0.42174365,0.780763819,0.409312019,0.542537607,0.207453479,0.229946286,0.229946286,0.879403023,0.383566816,0.503953467,0.171442466,0.113164236,0.983468408,0.225730105,0.663945058,0.446436725,0.691512452,0.493884285,0.487281899,0.212445761,0.391901101,0.604292055,0.678347898,0.358769285,0.138153197,0.590675013,0.577583906,0.221112849,0.308220539,0.274777088,0.240311506,0.526161068,0.164490614,0.641615144,0.358453385,0.231363692,0.791102456,0.918165007,0.318937233,0.55384829
2014,0.927727523,0.307819914,0.666559566,0.180567451,0.136507156,0.483115067,0.162684955,0.2011378,0.412906522,0.475391245,0.162617996,0.190943588,0.139907888,0.531619189,0.207146443,0.605990726,0.603441879,0.138363084,0.373341024,0.26175392,0.401414815,0.406003224,0.216256007,0.183273185,0.4830894,0.415914456,0.19529695,0.426851134,0.141875083,0.395004483,0.580239195,0.579656868,0.406851641,0.638467859,0.160277921,0.336751332,0.187914663,0.989380055,0.747517826,0.316051522,0.523632332,0.650309801,0.451805322,0.875699248,0.48869125,0.411810552,0.28825543,0.633740699,0.279333773,0.295230312,0.293719613,0.199973808,0.20815009,0.576623748,0.185597087,0.380583698,0.415776261,0.760847382,0.417072286,0.491869895,0.584250021,0.244852088,0.698410753,0.293445183,0.137447823,0.347495336,0.298908179,0.379811596,0.44420706,0.480606275,0.213840479,0.434665166,0.441862978,0,0.246069417,0.251298108,0.552087098,0.616212028,0.562976065,0.44093252,0.549532997,0.526093073,0.165044364,0.268465276,0.144984715,0.62534233,0.501001963,0.599039158,0.942549694,0.186493013,0.634291626,0.313772974,0.406569675,0.204551477,0.09834212,0.527364442,0.404103438,0.686183968,0.240228453,0.654621305,0.388579155,0.484728999,0.379926344,0.583981062,0.30510094,0.307545566,0.7751336,0.483025196,0.543503577,0.915389242,0.253009264,0.1168788,0.153716337,0.356950097,0.531047078,0.394458343,0.354759769,0.266498527,0.778567416,0.170978319,0.200060409,0.216256007,0.537952705,0.268880155,0.594530872,0.2011378,0.445830525,0.192836043,0.242360673,0.364851827,0.507301827,0.483707936,0.644529508,0.281553104,0.283137879,0.566859324,0.188178266,0.411810552,0.097705511,0.420536624,0.663415217,0.867644054,0.411810552,0.172163432,0.254556134,0.925632838,0.200060409,0.367087276,0.484427836,0.430774939,0.52963933,0.564552933,0.231439285,0.239285107,0.236349696,0.20265554,0.356808628,0.401296473,0.613724465,0.478886338,0.171746959,0.200060409,0.372399337,0.472975181,0.454226047,0.372414792,0.334428961,0.434072813,0.15797389,0.189460896,0.205155742,0.311192517,0.950143852,0.443134652,0.978121231,0.359787709,0.482522773,0.289310349,0.237107661,0.237107661,0.91746,0.358471934,0.51891961,0.183834622,0.111672953,1,0.247814576,0.560170618,0.539581125,0.605757797,0.450261404,0.447572119,0.230528667,0.358772896,0.59404786,0.644198972,0.395932051,0.133782367,0.613191381,0.844225608,0.247280523,0.322935059,0.287185233,0.199569579,0.470249945,0.275710494,0.594120763,0.416592407,0.162684955,0.836560333,0.982186478,0.378384528,0.564499276
2015,0.918071732,0.324778841,0.616872589,0.154920989,0.112227948,0.497036143,0.141109351,0.190842263,0.39216321,0.446486198,0.144841306,0.215194375,0.162705467,0.543539626,0.210619301,0.613492718,0.641654509,0.164275047,0.37279634,0.275774402,0.386405443,0.397918362,0.195250338,0.196945207,0.449771508,0.477012473,0.183242979,0.462577706,0.142453566,0.391647307,0.519449148,0.789602561,0.382573052,0.596423565,0.135938608,0.218686068,0.160602997,0.782536337,0.593361899,0.307022835,0.507081837,0.612599209,0.442512171,0.83258286,0.502215541,0.395170069,0.256468592,0.564482436,0.27503548,0.264181044,0.283142006,0.196035322,0.212617719,0.485369753,0.175952383,0.347031795,0.424445942,0.699538409,0.398626772,0.436931975,0.573472349,0.268895469,0.699851947,0.277154436,0.183548953,0.373469514,0.279463446,0.39086134,0.3911864,0.489955743,0.252848907,0.401698014,0.441995799,0,0.234366059,0.230869251,0.528387701,0.473870726,0.500558176,0.423570434,0.531596415,0.490531786,0.182388284,0.243397743,0.129132587,0.588062316,0.520253114,0.583427252,0.854851047,0.210420203,0.617839191,0.318720408,0.375548309,0.17855824,0.08409588,0.518365439,0.402287971,0.648241105,0.223617687,0.629734522,0.36242511,0.435712713,0.438572709,0.574628824,0.285074895,0.304926528,0.74141998,0.4578943,0.561529501,0.841891777,0.240653045,0.102443936,0.150670786,0.453539664,0.482081576,0.388683445,0.342506646,0.309619364,0.737978483,0.178800067,0.208179449,0.195250338,0.52487779,0.192084656,0.557599103,0.184653887,0.461760593,0.193470303,0.249481134,0.366536459,0.464617344,0.499679371,0.632106189,0.246079117,0.284587181,0.598198376,0.206827962,0.395170069,0.084943205,0.412783184,0.612070367,0.786741593,0.395170069,0.158915353,0.235864606,0.900070936,0.208179449,0.316654697,0.481021104,0.387340842,0.476022974,0.569183575,0.217253971,0.208511679,0.221266724,0.192488343,0.337020463,0.356710434,0.604502866,0.392477256,0.15438885,0.208179449,0.365876564,0.522558949,0.41889584,0.346569012,0.255094995,0.416018595,0.128402841,0.217316434,0.201281449,0.260747584,0.879351891,0.438485803,0.878306814,0.344025061,0.376792177,0.276744107,0.221557533,0.190842263,0.834886791,0.342968141,0.492003478,0.20255988,0.122788641,1,0.207970812,0.574670377,0.479810264,0.597404168,0.450462779,0.442218628,0.214918911,0.336983862,0.590481136,0.698982875,0.41302546,0.112227948,0.558779154,0.794135464,0.240703604,0.289877225,0.257274559,0.190941151,0.471033364,0.297877481,0.593896414,0.380940381,0.141109351,0.834544913,0.94023868,0.36432034,0.520882662
2016,0.949754155,0.331958444,0.627401328,0.158116156,0.113009363,0.467277321,0.133101127,0.222570929,0.360642756,0.538233616,0.139481386,0.18787774,0.216213808,0.567244907,0.202738127,0.565103424,0.661082563,0.202494111,0.373414548,0.312143855,0.390143272,0.402977603,0.19777,0.172443856,0.453545056,0.484063541,0.198816851,0.479836578,0.16611874,0.386719832,0.580252849,0.806283981,0.359329121,0.6201516,0.14524628,0.22101227,0.163184264,0.769111344,0.669364624,0.317932535,0.504868336,0.583342851,0.395236546,0.860346664,0.508939821,0.402562317,0.267062173,0.588484834,0.266582565,0.262158737,0.278774753,0.202595385,0.224761242,0.530886644,0.197203025,0.350915898,0.420048739,0.697088697,0.422903138,0.431420651,0.537137263,0.264505639,0.734397092,0.214538831,0.197889554,0.422097576,0.289693302,0.424054369,0.491555978,0.466743181,0.262978276,0.429384341,0.427473112,0,0.193823912,0.264225516,0.513717793,0.483251475,0.493252537,0.407901511,0.554934667,0.491330595,0.248752046,0.268444914,0.123620181,0.597965853,0.478965315,0.569128869,0.87652366,0.228878229,0.565330956,0.326883932,0.339530214,0.201196466,0.132419897,0.503435001,0.400829718,0.680104678,0.223671262,0.542022883,0.369074082,0.460416178,0.412740405,0.535078385,0.293517174,0.30442024,0.734224898,0.451004548,0.492169628,0.87032507,0.232880962,0.111766812,0.112263222,0.47451007,0.461991071,0.425809523,0.374532438,0.316317768,0.733868421,0.181223206,0.360002832,0.19777,0.555586041,0.195000941,0.53143341,0.185906143,0.464749568,0.194716238,0.239126551,0.345891791,0.466596086,0.626679974,0.567396673,0.257093413,0.283932609,0.576040142,0.215675284,0.402562317,0.091342554,0.420753415,0.628585683,0.787229777,0.402562317,0.156715185,0.246857925,0.911264922,0.207862367,0.318276794,0.505969873,0.373515289,0.443888079,0.685231861,0.298648777,0.203018239,0.261341323,0.218140348,0.337650764,0.345775845,0.596402859,0.413808979,0.157273429,0.207862367,0.356819794,0.497787036,0.447274081,0.373850463,0.252399084,0.435324835,0.096141345,0.254823365,0.199661691,0.298897385,0.88549137,0.431550807,0.898111369,0.317916606,0.403387807,0.274252264,0.193823912,0.193823912,0.881364578,0.369358348,0.502680801,0.194027047,0.134955795,1,0.212930793,0.561894124,0.492904462,0.60508301,0.40471412,0.437870654,0.214538831,0.343900278,0.636374411,0.814138768,0.441422706,0.113009363,0.549103262,0.782880605,0.286867903,0.328719735,0.320146579,0.184882186,0.458401124,0.29744585,0.612462511,0.354708697,0.19777,0.807447285,0.975120459,0.373306673,0.529562734
2017,0.970948303,0.317497479,0.583491743,0.14478404,0.103063083,0.463438747,0.109725379,0.241544801,0.360444309,0.522858724,0.120908281,0.212311346,0.180139124,0.548989848,0.191904325,0.592897118,0.65342515,0.196581412,0.406271884,0.307281055,0.387937963,0.388930647,0.18937122,0.165691885,0.452419599,0.466848589,0.18513812,0.48157175,0.156818624,0.327038545,0.585789059,0.807929869,0.376532585,0.620493699,0.168788445,0.236079423,0.150551208,0.807657239,0.659888034,0.309552065,0.442758142,0.554084127,0.387857326,0.878566282,0.504558096,0.395272587,0.270156653,0.619341525,0.253056398,0.262299619,0.28474011,0.189756483,0.216806847,0.546716583,0.14904113,0.362276647,0.410663865,0.688043647,0.448723324,0.430311065,0.54524043,0.261740807,0.740518369,0.263824804,0.173135831,0.337925212,0.292571133,0.416453456,0.412546197,0.471484792,0.274493895,0.376406701,0.410400533,0,0.187881161,0.251453144,0.529004429,0.539346393,0.497758633,0.404132548,0.533897003,0.511380011,0.224807805,0.229518401,0.118180823,0.552459382,0.497607401,0.587235623,0.869427154,0.189263574,0.577769539,0.332223451,0.331724821,0.166711836,0.133477516,0.497612749,0.386814425,0.627908535,0.214132918,0.498482325,0.329223522,0.445857704,0.404706278,0.483073264,0.313754426,0.300287079,0.729770559,0.433649752,0.469600802,0.880755854,0.235841269,0.122762958,0.101240751,0.447549611,0.457198463,0.44689845,0.371355969,0.347591974,0.787179217,0.138507239,0.215546341,0.18937122,0.524125748,0.195697151,0.542309909,0.153021277,0.460837662,0.060219209,0.233130817,0.407147572,0.472140664,0.586049462,0.618232208,0.266143744,0.2886502,0.537329426,0.20597663,0.395272587,0.069011116,0.405328735,0.655415138,0.806138952,0.395272587,0.154727827,0.240242393,0.88981505,0.215546341,0.315166476,0.538703067,0.394916215,0.448621057,0.638833386,0.288745042,0.165392422,0.295659227,0.25940083,0.329536909,0.383688603,0.526940133,0.377175076,0.153021277,0.215546341,0.357044482,0.514698074,0.405666317,0.377429992,0.232231328,0.402650229,0.063233803,0.208262601,0.215782375,0.354374091,0.859549968,0.452323605,0.899302966,0.337142894,0.409905854,0.262295441,0.191935286,0.212685913,0.801682375,0.369245117,0.45015831,0.19296657,0.136986305,0.933900978,0.217565893,0.53370134,0.510765637,0.550002007,0.380583441,0.576552871,0.23286163,0.338454043,0.605868904,0.762848788,0.421155155,0.140086394,0.512759263,0.779705964,0.268139355,0.327121833,0.326298465,0.1793278,0.444162312,0.251156193,0.652597016,0.335986131,0.18937122,0.736432316,1,0.365224802,0.540943766
2018,0.948243344,0.315096793,0.553047589,0.148552129,0.103969286,0.456977702,0.12987948,0.2454766,0.388384738,0.477162058,0.11597186,0.194799669,0.206749148,0.533408281,0.215937562,0.562489151,0.601349618,0.205957996,0.320877807,0.308974222,0.389246627,0.41921471,0.157272013,0.16889144,0.441559194,0.471808439,0.194277163,0.464663834,0.14935492,0.307500526,0.603054998,0.71577777,0.370517034,0.670859858,0.191842302,0.241208748,0.159850117,0.854051618,0.691705898,0.306365849,0.445246379,0.557014555,0.433550554,0.820650971,0.482026329,0.392418141,0.293983795,0.580851179,0.236828917,0.260412502,0.282472692,0.181935841,0.19834243,0.4195591,0.168217659,0.385377403,0.407544425,0.628152293,0.460178175,0.402763168,0.514876897,0.27100951,0.664235882,0.242155578,0.2052523,0.370333734,0.28508481,0.442522147,0.398398483,0.478721753,0.270012227,0.386368189,0.373682603,0,0.190538812,0.264240543,0.50196574,0.569819594,0.527948666,0.427844265,0.519259623,0.503915462,0.231671238,0.239594276,0.106601208,0.585978765,0.500363848,0.65685326,0.90961909,0.183868822,0.581113324,0.329445407,0.293886477,0.177979852,0.134761723,0.469194151,0.392336144,0.627986688,0.183223265,0.463574129,0.282138467,0.5149442,0.370100074,0.510196806,0.308437773,0.307116879,0.725276395,0.436598883,0.431352648,0.886454775,0.240082551,0.114497675,0.136846076,0.432217297,0.497449758,0.458189343,0.34438014,0.373175814,0.807508824,0.13052675,0.217835359,0.192928177,0.527549031,0.215791593,0.508255865,0.121173395,0.463044748,0.066194911,0.232797543,0.370559143,0.459578276,0.55100088,0.657308173,0.260120445,0.288682017,0.518921973,0.216711236,0.392418141,0.080485437,0.55457856,0.647504995,0.836130499,0.392418141,0.158935563,0.25995578,0.851253777,0.217835359,0.336333416,0.527391145,0.416559055,0.444889907,0.619433254,0.282130036,0.161722621,0.311472285,0.255143447,0.337940265,0.380416598,0.494350548,0.368954476,0.152267635,0.217835359,0.284446092,0.497262587,0.410353767,0.375728111,0.251369997,0.39846698,0.086787635,0.240560272,0.20808571,0.331626548,0.841608653,0.448405421,0.88603542,0.34085658,0.429483053,0.248648686,0.187366738,0.219593737,0.763922553,0.376770702,0.454872657,0.207525307,0.120273195,0.946805272,0.219723869,0.538990502,0.505557338,0.540767262,0.332078355,0.591074424,0.214456068,0.342222733,0.574924046,0.661309152,0.393813557,0.103969286,0.532332248,0.761963036,0.242017281,0.382559717,0.295799683,0.180647814,0.449771106,0.22285023,0.664289846,0.351285514,0.192928177,0.743642126,1,0.363684318,0.535496784
